frequency_hz,source_0.1_ohm_db,source_1_ohm_db,source_10_ohm_db,source_50_ohm_db
10.0,-4.4577869364756064e-10,-1.9888500880679997e-08,-1.7419579582546865e-06,-4.3000096501613776e-05
10.251683791196987,-4.684992130882184e-10,-2.0902223131105403e-08,-1.8307458918165893e-06,-4.519180885691746e-05
10.509702055469104,-4.923807827987316e-10,-2.1967612118782624e-08,-1.92405936787155e-06,-4.749523204886827e-05
10.774214221236228,-5.174754764623066e-10,-2.3087305279358714e-08,-2.022129045070172e-06,-4.991605987675544e-05
11.045383729473151,-5.438507970016169e-10,-2.4264069268363937e-08,-2.1251973536293065e-06,-5.2460276343786215e-05
11.323378134699084,-5.715723186844042e-10,-2.5500816354779034e-08,-2.2335190710377266e-06,-5.513417043769734e-05
11.608369208508899,-6.007036871234783e-10,-2.6800595742088274e-08,-2.347361966229286e-06,-5.794435169261071e-05
11.900533045710088,-6.313210841887166e-10,-2.816662635541375e-08,-2.467007455328256e-06,-6.089776650321773e-05
12.200050173131023,-6.634997274225318e-10,-2.9602289126895973e-08,-2.592751295003712e-06,-6.40017153089567e-05
12.507105661167731,-6.973186916772046e-10,-3.11111231383844e-08,-2.724904319218964e-06,-6.726387063277133e-05
12.82188923813813,-7.32861873442352e-10,-3.269686226588171e-08,-2.863793207804135e-06,-7.069229604197316e-05
13.144595407514377,-7.70216062189992e-10,-3.436342842925202e-08,-3.009761286851915e-06,-7.429546608330289e-05
13.47542356810575,-8.094728690294796e-10,-3.611493930684113e-08,-3.1631693811874156e-06,-7.808228722018038e-05
13.81457813726636,-8.507325840173717e-10,-3.795572376471674e-08,-3.324396713126203e-06,-8.206211984931545e-05
14.162268677203782,-8.940945328827622e-10,-3.9890336321581025e-08,-3.4938418291983268e-06,-8.624480143528205e-05
14.518710024466682,-9.39666720301948e-10,-4.192355425578905e-08,-3.6719235905185233e-06,-9.064067082094728e-05
14.88412242269143,-9.875610082610968e-10,-4.406040557084618e-08,-3.85908220558744e-06,-9.526059377647233e-05
15.258731658689737,-1.0378960090386477e-09,-4.630617478137378e-08,-4.055780328667818e-06,-0.00010011598985924917
15.64276920196139,-1.09079708520531e-09,-4.866641062772997e-08,-4.262504184198251e-06,-0.00010521886062821073
16.036472347718302,-1.1463963496240668e-09,-5.1146949219869995e-08,-4.479764784747552e-06,-0.00011058181930610246
16.44008436350824,-1.2048278438128387e-09,-5.375391789465733e-08,-4.708099192364776e-06,-0.00011621812195437813
16.853854639528848,-1.2662410385290204e-09,-5.649376414568914e-08,-4.94807184068287e-06,-0.00012214170022249499
17.278038842724804,-1.3307805828926807e-09,-5.937326430224493e-08,-5.200275929348011e-06,-0.00012836719578546366
17.712899074763385,-1.3986094482457627e-09,-6.239953220823548e-08,-5.465334897525047e-06,-0.00013490999651890435
18.15870403398599,-1.469897356222486e-09,-6.558004718770122e-08,-5.743903955263912e-06,-0.0001417862745322297
18.615729181435743,-1.5448178857669458e-09,-6.892267815300113e-08,-6.036671719014967e-06,-0.0001490130261121136
19.08425691106377,-1.6235590807352492e-09,-7.243567878317743e-08,-6.344361891505018e-06,-0.00015660811374413667
19.564576724219144,-1.7063128422933821e-09,-7.612774249062399e-08,-6.667735071799422e-06,-0.00016459031024164275
20.056985408530736,-1.7932836078644103e-09,-8.000798795617689e-08,-7.007590624190175e-06,-0.00017297934512175135
20.561787221290892,-1.8846864224735494e-09,-8.408601120280085e-08,-7.36476865894825e-06,-0.00018179595337137653
21.07929407745493,-1.9807488674030966e-09,-8.837189234588494e-08,-7.740152095046212e-06,-0.00019106192666607552
21.609825742371925,-2.0817100958649695e-09,-9.287622741605257e-08,-8.134668869461407e-06,-0.0002008001672164284
22.15371002936658,-2.187813118380972e-09,-9.761014668138765e-08,-8.54929420627041e-06,-0.0002110347443578428
22.711283002293538,-2.2993289109694653e-09,-1.0258535514919283e-07,-8.985053039074932e-06,-0.00022179095400644492
23.282889183190044,-2.4165245923389676e-09,-1.0781415281687127e-07,-9.443022543364716e-06,-0.00023309538116449223
23.868881765154494,-2.539696211022027e-09,-1.133094626374288e-07,-9.924334793282771e-06,-0.0002449759655796895
24.46962283058318,-2.6691446371885547e-09,-1.1908486909257886e-07,-1.0430179569794506e-05,-0.0002574620708036083
25.08548357489932,-2.8051909918852984e-09,-1.2515465001555564e-07,-1.0961807296153064e-05,-0.00027058455668903014
25.716844535913374,-2.9481718253985082e-09,-1.3153380648527315e-07,-1.1520532127662551e-05,-0.0002843758556437982
26.364095828955584,-3.0984400815814108e-09,-1.382381100783795e-07,-1.2107735198632687e-05,-0.0002988700527437415
27.02763738792682,-3.256367990836615e-09,-1.452841385493824e-07,-1.2724868049669429e-05,-0.00031410296991817667
27.707879212415893,-3.422347070116112e-09,-1.5268929801019073e-07,-1.3373456188050115e-05,-0.00033011225442731334
28.405241621036797,-3.596784265611418e-09,-1.6047190296930612e-07,-1.4055102899796363e-05,-0.0003469374718596185
29.1201555111417,-3.780113524683181e-09,-1.6865118886809195e-07,-1.4771493164938885e-05,-0.00036462020383480674
29.8530626250707,-3.972786152586515e-09,-1.7724737572640017e-07,-1.5524397864019327e-05,-0.00038320415069847426
30.60441582310259,-4.175280455745686e-09,-1.8628171057299474e-07,-1.6315678128287785e-05,-0.00040273523945202124
31.37467936327534,-4.3880969201167715e-09,-1.957765272338716e-07,-1.7147289956066946e-05,-0.00042326173715385643
32.16432918824925,-4.611757246860214e-09,-2.0575529647730526e-07,-1.8021289037424348e-05,-0.00044483437010510327
32.973853219389895,-4.846821710235231e-09,-2.1624268773082716e-07,-1.8939835844049596e-05,-0.0004675064491109216
33.8037516582528,-5.0938611921032835e-09,-2.2726462019060382e-07,-1.9905200958301083e-05,-0.0004913340010864724
34.65453729565585,-5.353498648009169e-09,-2.3884834478929677e-07,-2.0919770703141122e-05,-0.0005163759073933359
35.52673582853066,-5.626366676772486e-09,-2.5102249241246303e-07,-2.198605301799443e-05,-0.0005426940491977946
36.420886184748504,-5.913144164931399e-09,-2.6381716261671285e-07,-2.3106683678893726e-05,-0.0005703534602177324
37.337540856121656,-6.214537964520774e-09,-2.772639766677536e-07,-2.42844328069836e-05,-0.0005994224872558951
38.27726623978577,-6.531292536346871e-09,-2.9139617590182864e-07,-2.5522211703958296e-05,-0.0006299729588894322
39.24064298817434,-6.864196700279634e-09,-3.0624869983628344e-07,-2.6823080068438703e-05,-0.0006620803627320958
40.22826636780146,-7.214065313030836e-09,-3.2185825656551517e-07,-2.8190253539289118e-05,-0.0006958240317300064
41.240746627074515,-7.581767233650649e-09,-3.3826344040897456e-07,-2.9627111659417226e-05,-0.0007312873399212369
42.278709373364165,-7.96821182294313e-09,-3.555047955568328e-07,-3.113720622148777e-05,-0.0007685579081301802
43.342795959564555,-8.374353765103592e-09,-3.736249491472344e-07,-3.2724270048592246e-05,-0.0008077278201604946
44.433663880382625,-8.801195960701026e-09,-3.926686864839054e-07,-3.439222622145115e-05,-0.0008488938499224119
45.55198717860136,-9.249795312642957e-09,-4.12683088935057e-07,-3.6145197773369086e-05,-0.0008921577001561619
46.698456861568054,-9.721259833193059e-09,-4.3371763036621345e-07,-3.798751788187823e-05,-0.0009376262532515642
47.8737813281649,-1.0216752501281091e-08,-4.5582430539585626e-07,-3.9923740584077574e-05,-0.0009854118348175374
49.07868680652571,-1.0737501870105072e-08,-4.790577634370425e-07,-4.1958652028210965e-05,-0.0010356324906575923
50.31391780276931,-1.1284795316839065e-08,-5.034754369530684e-07,-4.409728229620759e-05,-0.0010884122777808172
51.58023756102677,-1.1859982899943104e-08,-5.291376812850746e-07,-4.634491785698142e-05,-0.0011438815702307025
52.878428535046815,-1.2464488931092877e-08,-5.561079337662131e-07,-4.870711461192582e-05,-0.0012021773804008957
54.20929287167077,-1.309980618921498e-08,-5.844528689785194e-07,-5.118971163676103e-05,-0.0012634436966840433
55.573652906475765,-1.3767507492416615e-08,-6.142425491881608e-07,-5.379884561395988e-05,-0.001327831838255189
56.9723516718925,-1.4469238947693398e-08,-6.455506172111137e-07,-5.654096599723024e-05,-0.0013955008278497885
58.40625341811149,-1.5206740201806283e-08,-6.784544622776872e-07,-5.942285095917752e-05,-0.0014666177834540715
59.876244147099726,-1.598183094069712e-08,-7.130354206128599e-07,-6.245162412794819e-05,-0.0015413583298562624
61.383232160057574,-1.6796428247383183e-08,-7.49378981802603e-07,-6.563477221316174e-05,-0.0016199070310756337
62.92814861865439,-1.7652544673302373e-08,-7.875749797309884e-07,-6.898016349896966e-05,-0.0017024578446893487
64.51194812038943,-1.8552297881588045e-08,-8.277178346266843e-07,-7.249606729105162e-05,-0.0017892145991958955
66.13560928843373,-1.949791257572409e-08,-8.69906778715912e-07,-7.61911743571093e-05,-0.001880391495567723
67.8001353763173,-2.0491726285509923e-08,-9.142461001976602e-07,-8.007461840234873e-05,-0.001976213634174138
69.50655488783536,-2.1536194188698027e-08,-9.608454084341433e-07,-8.415599865326778e-05,-0.002076917568422969
71.25592221255656,-2.2633895861286416e-08,-1.0098198894980235e-06,-8.84454035613514e-05,-0.002182751886364184
73.04931827732594,-2.3787553599740822e-08,-1.0612906128290402e-06,-9.295343576171458e-05,-0.002293977821769666
74.88785121416522,-2.50000073484807e-08,-1.1153848079965343e-06,-9.769123824526352e-05,-0.0024108698960877794
76.77265704498288,-2.6274263880580493e-08,-1.1722361925713885e-06,-0.00010267052193342562,-0.0025337165928502113
78.70490038351767,-2.7613468832273286e-08,-1.2319853048196684e-06,-0.00010790359458413221,-0.0026628210661429723
80.68577515494812,-2.902093273979287e-08,-1.294779840253638e-06,-0.00011340339123547196,-0.0027985018848893876
82.71650533361466,-3.050013489668396e-08,-1.3607750257916288e-06,-0.00011918350615331772,-0.002941093814676757
84.79834569930763,-3.2054732032749866e-08,-1.4301339968109715e-06,-0.00012525822642956685,-0.003090948639038337
86.93258261259112,-3.368856988598261e-08,-1.5030282089168144e-06,-0.0001316425673004945,-0.0032484360221446975
89.12053480963931,-3.5405683202563404e-08,-1.5796378506753656e-06,-0.0001383523092286884,-0.003413944415004526
91.36355421707866,-3.721031888072255e-08,-1.660152303599305e-06,-0.00014540403692126427,-0.0035878820072554694
93.6630267873372,-3.9106935970739995e-08,-1.744770595383019e-06,-0.0001528151802940948,-0.0037706777269432994
96.02037335501946,-4.110022303284056e-08,-1.833701890746752e-06,-0.00016060405754994713,-0.00396278229053029
98.43705051483356,-4.319511067345182e-08,-1.9271660343545987e-06,-0.0001687899204371788,-0.00416466930573111
100.91455152161588,-4.539677540251478e-08,-2.0253940619098477e-06,-0.0001773930018250853,-0.004376836429753429
103.45440721300623,-4.7710656027051895e-08,-2.1286287912897037e-06,-0.00018643456568571737,-0.0045998065856582854
106.05818695534693,-5.014248065233722e-08,-2.237125412715882e-06,-0.00019593695964529074,-0.004834129239774897
108.72749961338693,-5.269825221698553e-08,-2.3511521252131557e-06,-0.0002059236701911778,-0.005080381743108096
111.4639945443935,-5.538429188768981e-08,-2.4709908000693193e-06,-0.00021641938069570852,-0.005339170739937577
114.26936261728288,-5.820724002355008e-08,-2.596937676118244e-06,-0.00022745003241031036,-0.005611133646881143
117.14533725740105,-6.117407642695191e-08,-2.729304084917382e-06,-0.0002390428885391798,-0.005896940205901469
120.09369551760024,-6.429213191549774e-08,-2.8684172337852746e-06,-0.00025122660160584946,-0.006197294114851806
123.1162591762728,-6.756911435885053e-08,-3.014621003304333e-06,-0.00026403128422478387,-0.006512934739340985
126.2148958630204,-7.101312700095786e-08,-3.1682768017193646e-06,-0.0002774885834943169,-0.006844638909918302
129.39152021265426,-7.463268003198387e-08,-3.3297644627312934e-06,-0.0002916317591723037,-0.007193222808659883
132.64809504824044,-7.843672337544589e-08,-3.4994831799358246e-06,-0.00030649576582579335,-0.007559543949565255
135.98663259392032,-8.243465826014699e-08,-3.677852487550392e-06,-0.0003221173391692073,-0.007944503257221099
139.40919571825538,-8.663637193596805e-08,-3.865313305751663e-06,-0.0003385350868132688,-0.008349047248511023
142.91789920886478,-9.105224442416365e-08,-4.0623290371230885e-06,-0.00035578958359200466,-0.008774170322340255
146.5149110791443,-9.569319769806683e-08,-4.269386687211371e-06,-0.0003739234718039552,-0.009220917162486932
150.2024539078731,-1.0057069761174855e-07,-4.486998099838772e-06,-0.0003929815664887334,-0.0096903852590198
153.9828062125356,-1.0569680790236062e-07,-4.715701201095249e-06,-0.00041301096612051324,-0.010183727553952315
157.8583038572079,-1.1108419501177835e-07,-4.956061334942738e-06,-0.00043406116889565323,-0.010702155216926926
161.8313414958786,-1.1674618016028996e-07,-5.2086726586088595e-06,-0.0004561841949643565,-0.011246940557158153
165.90437405209624,-1.2269675574016975e-07,-5.474159618985369e-06,-0.000479434714868598,-0.01181942007798563
170.0799182358558,-1.2895063546071395e-07,-5.753178487851955e-06,-0.0005038701845132539,-0.012420997680717624
174.36055409866327,-1.3552327652778026e-07,-6.04641898967698e-06,-0.0005295509870225453,-0.01305314802473567
178.74892662773908,-1.424309249671877e-07,-6.354606001744455e-06,-0.0005565405817896612,-0.0137174200510383
183.24774738034515,-1.4969065901946246e-07,-6.678501344929648e-06,-0.0005849056611336313,-0.014415440676854034
187.85979615924455,-1.5732042481996504e-07,-7.018905676695437e-06,-0.0006147163149130467,-0.015148918669036622
192.58792273032986,-1.6533908075796536e-07,-7.3766604593084494e-06,-0.0006460462034974883,-0.015919648704495915
197.43504858348197,-1.7376644569302954e-07,-7.752650051491625e-06,-0.000678972739567132,-0.016729515626037254
202.40416873774709,-1.8262335681468264e-07,-8.147803875297032e-06,-0.0007135772791311379,-0.017580498902431466
207.49835359194628,-1.9193170821552298e-07,-8.563098736309828e-06,-0.0007499453222839031,-0.018474677301843663
212.7207508218618,-2.017145068222333e-07,-8.999561220037402e-06,-0.0007881667241268689,-0.019414233787974536
218.07458732517327,-2.1199593796986805e-07,-9.458270241630318e-06,-0.0008283359164583767,-0.020401460648809978
223.563171215345,-2.2280141458257582e-07,-9.940359710362292e-06,-0.0008705521407031908,-0.021438764867976464
229.18989386569504,-2.3415764853385606e-07,-1.044702132526322e-05,-0.0009149196926799448,-0.02252867374923608
234.95823200491049,-2.4609271429219804e-07,-1.0979507526013938e-05,-0.000961548179824401,-0.02367384080487661
240.87174986530408,-2.5863610870941313e-07,-1.1539134592352894e-05,-0.0010105527914549524,-0.024877051919148317
246.9341013851392,-2.7181884841774157e-07,-1.2127285895852662e-05,-0.0010620545827790913,-0.026141231798190195
253.14903246638264,-2.8567351033164084e-07,-1.2745415310817198e-05,-0.0011161807733380848,-0.02746945071826521
259.5203832892816,-3.0023435026010475e-07,-1.339505082094501e-05,-0.0011730650605577173,-0.028864931584405958
266.05209068519565,-3.155373578733712e-07,-1.4077798291864833e-05,-0.0012328479492827794,-0.030331057311891212
272.748190569149,-3.3162036277899263e-07,-1.4795345436545863e-05,-0.001295677097975906,-0.03187137854331891
279.61282043360535,-3.48523124204343e-07,-1.554946598419108e-05,-0.0013617076825311067,-0.03348962171417691
286.65022190500673,-3.6628742067913084e-07,-1.6342024082508906e-05,-0.0014311027785016714,-0.035189697480309735
293.86474336465756,-3.849571696120701e-07,-1.7174978889005196e-05,-0.0015040337627551374,-0.03697570952060419
301.2608426355721,-4.0457851600907824e-07,-1.805038940722789e-05,-0.0015806807354647502,-0.03885196372874734
308.84308973694425,-4.2519996651487375e-07,-1.8970419609431907e-05,-0.0016612329635176085,-0.04082297780778202
316.61616970794296,-4.468725003107217e-07,-1.9937343742482512e-05,-0.0017458893463629262,-0.04289349128148768
324.5848855025792,-4.696496867624807e-07,-2.095355198382795e-05,-0.0018348589055005987,-0.0450684759366464
332.75416095743196,-4.935878310341577e-07,-2.2021556332787853e-05,-0.0019283612987325456,-0.047353146710247575
341.12904383406607,-5.187461071652151e-07,-2.3143996818163296e-05,-0.0020266273604792016,-0.049752973035647574
349.71470893802234,-5.451867075414593e-07,-2.4323648038564346e-05,-0.002129899669391906,-0.05227369066161752
358.5164613163094,-5.729749904372849e-07,-2.5563426003634718e-05,-0.0022384331447647676,-0.054921313957965186
367.5397395353709,-6.021796468444859e-07,-2.686639535525142e-05,-0.0023524956730442393,-0.057702148721183115
376.79011904155266,-6.328728730870481e-07,-2.8235776930129193e-05,-0.0024723687660416285,-0.06062280549312269
386.2733156061471,-6.651305386143196e-07,-2.967495573808664e-05,-0.002598348252410912,-0.06369021340523431
395.9951888571454,-6.990323885099946e-07,-3.118748930968991e-05,-0.0027307450040591533,-0.06691163456024123
405.96174589987857,-7.346622170712909e-07,-3.2777116502960783e-05,-0.0028698856992138244,-0.07029467896237986
416.17914502878176,-7.721081088910805e-07,-3.444776673925949e-05,-0.0030161136240347557,-0.07384732000633952
426.65369953257846,-8.114626288306852e-07,-3.6203569721385586e-05,-0.003169789514632171,-0.07757791053397825
437.3918815952362,-8.528230534587869e-07,-3.804886563872401e-05,-0.0033312924415424307,-0.0814951994665272
448.4003262951033,-8.962916323845254e-07,-3.998821588258652e-05,-0.0035010207387821957,-0.08560834901856168
459.6858357046953,-9.419758090888709e-07,-4.202641434504439e-05,-0.0036793929796702365,-0.08992695249815248
471.25538309366686,-9.899885256525377e-07,-4.416849924629323e-05,-0.0038668490017697487,-0.0944610526956994
483.1161172375669,-1.0404484580523539e-06,-4.641976560724201e-05,-0.0040638509833678255,-0.09922116086159781
495.2753668350386,-1.0934803449974536e-06,-4.878577831140453e-05,-0.004270884574068717,-0.1042182762703865
507.740645036191,-1.1492152810854034e-06,-5.127238588243086e-05,-0.004488460082159977,-0.10946390636597204
520.5196540849425,-1.2077910388882127e-06,-5.388573493678799e-05,-0.004717113721544963,-0.11497008747942006
533.6202900782065,-1.2693524190039107e-06,-5.663228536174728e-05,-0.004957408921253329,-0.12074940610703311
547.0506478448582,-1.3340515952865541e-06,-5.9518826295839194e-05,-0.0052099377004871834,-0.12681502073246362
560.8190259474947,-1.4020485063640417e-06,-6.255249289732513e-05,-0.005475322112567832,-0.13318068417200424
574.9339318100812,-1.4735112336554273e-06,-6.57407840048514e-05,-0.0057542157610238065,-0.13986076641741443
589.404086974656,-1.5486164362836576e-06,-6.909158062569286e-05,-0.0060473053914695055,-0.14687027794495938
604.2384324903343,-1.6275497686305218e-06,-7.261316546568937e-05,-0.0063553125629255995,-0.15422489345357257
619.4461344379439,-1.7105063538227176e-06,-7.631424336299698e-05,-0.006678995402432502,-0.161940975988338
635.0365895937097,-1.7976912552893938e-06,-8.020396281372463e-05,-0.0070191504470688134,-0.17003560139849933
651.0194312354844,-1.8893199946075625e-06,-8.429193859526906e-05,-0.007376614577541649,-0.1785265830713856
667.4045350951101,-1.985619077062291e-06,-8.8588275504737e-05,-0.007752267047875664,-0.1874324968753385
684.2020254605904,-2.0868265451725683e-06,-9.310359335617335e-05,-0.00814703161573171,-0.19677270623570792
701.422281431848,-2.1931925881483725e-06,-9.784905320577397e-05,-0.008561878778287233,-0.20656738725833487
719.0759433339284,-2.3049801339900525e-06,-0.00010283638495170304,-0.008997828118686232,-0.2168375538045211
737.1739192916122,-2.422465520662813e-06,-0.000108077916312417,-0.009455950768362326,-0.22760508241059116
755.7273919694981,-2.545939174021758e-06,-0.00011358660329926586,-0.009937371990768917,-0.23889273693335533
774.7478254817272,-2.6757063098454104e-06,-0.0001193760622306789,-0.010443273892259235,-0.25072419279041364
794.2469724756131,-2.8120877149444255e-06,-0.00012546060338057232,-0.010974898266140266,-0.2631240606513902
814.2368813935527,-2.9554205186273755e-06,-0.00013185526634590752,-0.01153354957615595,-0.2761179094223849
834.7299039177072,-3.106059035527175e-06,-0.00013857585721158572,-0.012120598085976063,-0.2897322883519286
855.7387026020574,-3.264375644108064e-06,-0.0001456389876091947,-0.012737483141445584,-0.30399474807204796
877.2762586965447,-3.4307616931385654e-06,-0.00015306211576709625,-0.013385716612743853,-0.3189338603729468
899.3558801681307,-3.6056284959187974e-06,-0.00016086358964742433,-0.014066886503795006,-0.33457923649456134
921.9912099237331,-3.789408311007769e-06,-0.00016906269228389616,-0.014782660736661214,-0.35096154370259847
945.1962342401229,-3.982555438670656e-06,-0.00017767968944013685,-0.015534791118846973,-0.36811251990120053
968.9852914059894,-4.185547338541989e-06,-0.0001867358796686923,-0.01632511750189861,-0.3860649860189218
993.3730805815077,-4.398885800327654e-06,-0.0001962536469560331,-0.01715557213982454,-0.404852855889582
1018.3746708808866,-4.623098195511292e-06,-0.00020625651600482414,-0.018028184256383875,-0.4245111433351053
1044.0055106835148,-4.858738771492077e-06,-0.00021676921038026186,-0.018945084830420882,-0.44507596614370515
1070.2814371794527,-5.106390028655734e-06,-0.0002278177135872201,-0.01990851160895609,-0.46658454662425025
1097.2186861551606,-5.366664154342077e-06,-0.00023942933325779336,-0.02092081435789047,-0.489075208406384
1124.833902025532,-5.6402045493892964e-06,-0.000251632768624994,-0.021984460360691224,-0.5125873691467372
1153.1441481184002,-5.92768739421712e-06,-0.000264458181420775,-0.023102040175620283,-0.5371615287941897
1182.1669172179056,-6.229823351846089e-06,-0.00027793727039443906,-0.024276273662528002,-0.5628392530625957
1211.920142373212,-6.547359290205151e-06,-0.00029210334960316705,-0.025510016290489337,-0.5896631517575537
1242.4222079792596,-6.881080159697938e-06,-0.00030699143072576045,-0.02680626573791298,-0.6176768516056341
1273.6919611364156,-7.231810918023258e-06,-0.0003226383095321166,-0.028168168797128093,-0.6469249632399693
1305.7487232960088,-7.6004185678242726e-06,-0.00033908265677793487,-0.029599028595684126,-0.677453042006101
1338.612302198986,-7.987814303309335e-06,-0.0003563651137228372,-0.031102312146959833,-0.7093075422666568
1372.3030041150223,-8.39495576488043e-06,-0.0003745283925000319,-0.03268165824296841,-0.7425357649033562
1406.8416463896913,-8.822849409484092e-06,-0.0003936173816148909,-0.03434088570248122,-0.7771857977404716
1442.2495703074076,-9.272552988006276e-06,-0.0004136792568026175,-0.03608400198785296,-0.8133064486454209
1478.5486542781277,-9.745178167320243e-06,-0.0004347635975167193,-0.03791521220417871,-0.8509471711001948
1515.7613273559193,-1.024189328059435e-05,-0.0004569225093885491,-0.039838928494511774,-0.8901579820817958
1553.9105830977917,-1.0763926208753184e-05,-0.00048021075286228403,-0.041859779845136225,-0.9309893721412386
1593.0199937713085,-1.131256742395098e-05,-0.0005046858784200381,-0.04398262231488926,-0.973492207628761
1633.1137249198057,-1.1889173167092415e-05,-0.0005304083686817204,-0.04621254970259856,-1.0177176250778655
1674.21655029417,-1.2495168818225375e-05,-0.0005574417877058268,-0.04855490466676048,-1.0637169178321315
1716.3538671604488,-1.3132052408696961e-05,-0.0005858529379341779,-0.051015290311374875,-1.111541415076687
1759.551711992703,-1.3801398321361253e-05,-0.0006157120250733,-0.053599582251850436,-1.1612423535193142
1803.8367765608514,-1.4504861197161866e-05,-0.000647092831406867,-0.05631394117448961,-1.21287074205482
1849.2364244233893,-1.5244180009517061e-05,-0.0006800728978833381,-0.059164825902898247,-1.2664772198386447
1895.7787078352344,-1.6021182369189792e-05,-0.0007147337155024941,-0.06215900698404892,-1.322111908291389
1943.492385081083,-1.683778905192909e-05,-0.000751160926398446,-0.06530358080629141,-1.3798242576531952
1992.4069382450525,-1.7696018740205153e-05,-0.0007894445351885773,-0.068605984260809,-1.4396628888047822
2042.552591427521,-1.859799299639721e-05,-0.0008296791310211956,-0.07207400995720459,-1.5016754311684233
2093.960329420493,-1.95459415445822e-05,-0.000871964120952641,-0.0757158220029039,-1.5659083575957808
2146.6619168529564,-2.054220774906349e-05,-0.0009164039751537568,-0.07953997235473603,-1.632406817238242
2200.689917818132,-2.1589254422719e-05,-0.0009631084846185877,-0.08355541774984356,-1.701214467477701
2256.0777159946765,-2.268966992949055e-05,-0.001012193031917396,-0.08777153722122749,-1.7723733060689306
2312.8595352743355,-2.3846174540514635e-05,-0.0010637788757486587,-0.09219815020148946,-1.8459235047078284
2371.0704609087293,-2.5061627212654948e-05,-0.0011179934499169141,-0.09684553521620332,-1.9219032452900535
2430.7464611884,-2.6339032622610105e-05,-0.0011749706775268033,-0.10172444916578179,-2.0003485601610054
2491.9244096674547,-2.7681548598356102e-05,-0.0012348513010887441,-0.10684614719213802,-2.0812931776784236
2554.642107947598,-2.9092493945033813e-05,-0.0012977832294309565,-0.11222240312320306,-2.164768374412554
2618.9383090355686,-3.057535662767615e-05,-0.0013639219021801484,-0.1178655304850191,-2.2508028352939853
2684.85274128848,-3.213380241203369e-05,-0.0014334306727735633,-0.1237884040672143,-2.33942252298607
2752.4261329617893,-3.3771683913357796e-05,-0.0015064812108810458,-0.1300044820234194,-2.4306505577061537
2821.7002373751397,-3.5493050139936135e-05,-0.0015832539252440053,-0.13652782848347084,-2.5245071086485926
2892.7178587115395,-3.7302156488955125e-05,-0.0016639384079748583,-0.14337313664902715,-2.6210092980723947
2965.5228784659166,-3.920347527184183e-05,-0.001748733901353921,-0.15055575233850862,-2.72017111900924
3040.1602825592854,-4.120170677584219e-05,-0.0018378497883211032,-0.158091697941055,-2.822003367423825
3116.6761891353894,-4.3301790882093835e-05,-0.0019315061077945627,-0.16599769673229667,-2.926513589521192
3195.1178770568854,-4.550891928263187e-05,-0.002029934096109117,-0.17429119749738084,-3.0337060447453985
3275.533815118782,-4.782854831851626e-05,-0.0021333767558630898,-0.18299039939868506,-3.143581684854983
3357.973691997083,-5.026641246416319e-05,-0.0022420894535817564,-0.19211427701685074,-3.256138149293978
3442.488446951242,-5.28285385205726e-05,-0.002356340547599871,-0.20168260548460032,-3.371369776907342
3529.130301299292,-5.552126050107036e-05,-0.0024764120477300195,-0.21171598562267085,-3.489267633878437
3617.9527906852113,-5.8351235307939974e-05,-0.002602600308290823,-0.22223586897659553,-3.609819557597507
3709.010798158347,-6.132545919320816e-05,-0.0027352167561460203,-0.23326458264167824,-3.733010216006187
3802.3605880854548,-6.445128504699504e-05,-0.002874588655543469,-0.2448253537514848,-3.8588211818078166
3898.059840916188,-6.773644059348684e-05,-0.0030210599115937094,-0.2569423334925002,-3.9872310207880894
3996.1676888236416,-7.11890475013004e-05,-0.003174991914281517,-0.26964062049432613,-4.11821539335909
4096.744752241843,-7.481764144972786e-05,-0.0033367644250825125,-0.2829462834308372,-4.251747168322751
4199.853177322904,-7.863119327142709e-05,-0.0035067765082922096,-0.29688638265346173,-4.387796547750039
4305.556674336836,-8.263913110793817e-05,-0.003685447509282035,-0.31148899066271984,-4.526331201789963
4413.920557037898,-8.685136374295606e-05,-0.003873218082040227,-0.32678321120907633,-4.667316412159251
4525.011783021657,-9.127830510471317e-05,-0.004070551268450226,-0.34279919679870013,-4.8107152230192405
4638.898995097853,-9.593090002526142e-05,-0.004277933631854552,-0.3595681643640714,-4.956488597921455
4755.652563704462,-0.0001008206513087672,-0.004495876447615665,-0.377122408843962,-5.1045955814963175
4875.344630389347,-0.00010595964818504578,-0.004724916953490836,-0.3954953144020117,-5.2549934645707586
4998.049152386171,-0.00011136059621202844,-0.004965619662781906,-0.4147213629982572,-5.4076379514276205
5123.841948312318,-0.00011703684870918471,-0.005218577743349306,-0.43483614001388116,-5.562483327962675
5252.800745016855,-0.00012300243978271086,-0.005484414465767958,-0.45587633661625543,-5.719482629550753
5385.005225607679,-0.00012927211904476945,-0.005763784723985983,-0.47787974853943727,-5.878587807500515
5520.537078687329,-0.00013586138810881996,-0.006057376632066715,-0.5008852709449951,-6.039749893054498
5659.480048828089,-0.00014278653892958732,-0.006365913200760449,-0.5249328890196349,-6.202919157976629
5801.919988317362,-0.00015006469412469172,-0.006690154097782161,-0.550063663960171,-6.368045270860199
5947.944910205489,-0.00015771384932143122,-0.007030897495912846,-0.5763197139930819,-6.535077448384696
6097.645042688627,-0.00016575291770529768,-0.007388982013158979,-0.6037441900758442,-6.703964600846909
6251.112884860362,-0.0001742017768040955,-0.007765288749499997,-0.6323812459308868,-6.874655471389641
6408.443263866565,-0.00018308131768137405,-0.008160743424848658,-0.6622760020706746,-7.047098768448221
6569.733393498635,-0.00019241349663093007,-0.008576318623149143,-0.6934745034846352,-7.221243291029115
6735.082934261557,-0.00020222138952683284,-0.00901303614773238,-0.7260236706760652,-7.3970380465262355
6904.594054953662,-0.00021252924892075964,-0.009471969493255196,-0.7599712437596696,-7.57443236086649
7078.3714957963575,-0.00022336256408066836,-0.00995424643980374,-0.7953657193591303,-7.753375980857431
7256.522633152626,-0.00023474812408384802,-0.010461051775022098,-0.8322562800787117,-7.933819168684698
7439.15754587449,-0.000246714084133345,-0.01099363015033425,-0.8706927163642122,-8.115712788575921
7626.389083320223,-0.00025929003524846183,-0.011553289077607441,-0.9107253406164607,-8.299008385709385
7818.332935083562,-0.00027250707754080945,-0.012141402072907216,-0.9524048934752871,-8.483658257501403
8015.107702477769,-0.00028639789721702575,-0.012759411954239705,-0.9957824422534799,-8.669615517454364
8216.834971818951,-0.0003009968475206675,-0.013408834300491751,-1.040909271568394,-8.856834151789364
8423.639389553686,-0.0003163400337862832,-0.014091261079080167,-1.0878367662935775,-9.04526906912238
8635.648739277605,-0.0003324654028915427,-0.014808364450105051,-1.1366162870334202,-9.23487614347213
8852.994020692287,-0.00034941283723133483,-0.01556190075518585,-1.1872990384097368,-9.425612250910469
9075.809530549503,-0.0003672242535104123,-0.01635371469937219,-1.2399359305399265,-9.6174353001845
9304.232945632542,-0.0003859437066010714,-0.017185743735033777,-1.294577434180397,-9.810304257651355
9538.40540782622,-0.00040561749869891673,-0.018060022656705615,-1.3512734301057954,-10.004179166875433
9778.47161132777,-0.0004262942940503266,-0.0189786884165534,-1.4100730533921613,-10.199021163241051
10024.579892052894,-0.00044802523956774564,-0.019943985170167704,-1.4710245333696994,-10.394792483934346
10276.882319291773,-0.00047086409160175687,-0.020958269562946674,-1.5341750301059778,-10.591456473644483
10535.534789672243,-0.0004948673492064813,-0.02202401626761189,-1.5995704683721073,-10.788977586329391
10800.697123487496,-0.0005200943942137392,-0.023143823783805292,-1.667255370129849,-10.987321383381927
11072.533163448454,-0.0005466076384941995,-0.024320420511042443,-1.7372726866560162,-11.186454528523255
11351.210875921566,-0.0005744726787385429,-0.025556671106707757,-1.8096636314887582,-11.38634477973784
11636.902454714414,-0.0006037584591785895,-0.02685558314113029,-1.8844675154372983,-11.58696097855141
11929.784427473602,-0.0006345374426328137,-0.028220314062106372,-1.9617215849403846,-11.788273036939492
12230.037764760567,-0.0006668857903167625,-0.02965417848170085,-2.041460865087283,-11.990251922139217
12537.847991872275,-0.0007008835508802983,-0.031160655798322882,-2.1237180086272405,-12.192869639621476
12853.405303476877,-0.0007366148591115993,-0.03274339816763501,-2.208523152288211,-12.396099214466076
13176.904681133938,-0.0007741681448387339,-0.03440623883597657,-2.2959037817013286,-12.599914671365582
13508.54601377283,-0.0008136363525695104,-0.03615320085042953,-2.385884606185217,-12.804291013469442
13848.534221203367,-0.0008551171723430669,-0.037988506159853865,-2.4784874445819396,-13.009204200264023
14197.079380734742,-0.0008987132824897423,-0.03991658512150671,-2.573731123255833,-13.21463112466942
14554.39685698151,-0.0009445326048176926,-0.04194208642810163,-2.6716313872677104,-13.420549589519934
14920.70743493661,-0.0009926885729070905,-0.04406988747028898,-2.772200825621542,-13.626938283580795
15296.23745639318,-0.0010433004142057023,-0.046305105149774574,-2.875448811349533,-13.83377675724037
15681.218959800628,-0.0010964934465998203,-0.04865310715825962,-2.981381457058222,-14.041045398005265
16075.889823639907,-0.0011523993902652265,-0.0511195237375813,-3.0900015864025674,-14.248725405912264
16480.493913407758,-0.0012111566955175703,-0.0537102599362067,-3.2013087217925125,-14.456798768961221
16895.2812323003,-0.001272910887577933,-0.056431508377293396,-3.3152990884676803,-14.665248238661338
17320.508075688776,-0.001337814929053316,-0.059289762553231276,-3.4319656349048344,-14.874057305773572
17756.437189483488,-0.0014060296011283108,-0.06229183066135312,-3.551298069352819,-15.08321017632284
18203.337932483573,-0.0014777239043656896,-0.06544484999501196,-3.6732829121228217,-15.292691747944833
18661.486442812286,-0.001553075480198764,-0.06875630190381125,-3.797903563101838,-15.502487586623886
19131.165808542115,-0.001632271054181992,-0.07223402733604117,-3.9251403838072854,-15.712583903872105
19612.66624261333,-0.0017155069021031113,-0.07588624297557017,-4.054970793161222,-15.9229675343916
20106.28526215551,-0.0018029893401905178,-0.07972155798452125,-4.187369376039204,-16.13362591425688
20612.32787232226,-0.0018949352406770138,-0.08374899136184728,-4.322308003539652,-16.344547059648086
21131.106754752414,-0.001991572574023031,-0.08797798992654914,-4.459755963828731,-16.555719546160542
21662.942460774815,-0.002093140979208253,-0.09241844693280599,-4.599680102343268,-16.76713248871195
22208.163609475872,-0.0021998923636104097,-0.09708072132228984,-4.742044970080332,-16.978775522064048
22767.107090751426,-0.002312091533944757,-0.1019756576170104,-4.886812978667258,-17.19063878197143
23340.118273470252,-0.0024300168600004082,-0.10711460645353646,-5.033944560890884,-17.402712886968068
23927.55121887557,-0.0025539609728253425,-0.11250944575682725,-5.183398335365943,-17.61498892079739
24529.768899358205,-0.0026842314992393604,-0.1181726025487973,-5.335131274043214,-17.82745841549079
25147.143422735862,-0.0028211518345688594,-0.12411707538340958,-5.489098871292652,-18.040113335096073
25780.05626217673,-0.0029650619556568793,-0.13035645739624604,-5.64525531334643,-18.25294606005564
26428.898491910317,-0.0031163192762846594,-0.1369049599523133,-5.80355364694952,-18.465949372232718
27094.07102887082,-0.0032752995472559382,-0.1437774368711387,-5.963945946137937,-18.67911644058226
27775.984880421445,-0.003442397803558913,-0.15098940920313036,-6.126383476146394,-18.892440807461487
28475.061398314927,-0.0036180293611038777,-0.1585570905254417,-6.2908168535366595,-19.10591637557531
29191.732539044435,-0.003802630865721468,-0.1664974127194095,-6.457196201729914,-19.319537395549112
29926.441130747906,-0.0039966613972301935,-0.17482805218493047,-6.625471301224572,-19.533298454122676
30679.64114682993,-0.004200603631535367,-0.18356745643970823,-6.795591733877899,-19.74719446295718
31451.79798646967,-0.004414965063920024,-0.19273487104341205,-6.967507020727844,-19.961220648047327
32243.388762189268,-0.004640279296843337,-0.20235036677814708,-7.141166752927644,-20.175372539730713
33054.9025946599,-0.004877107395762243,-0.21243486700745526,-7.316520715458566,-20.389645963286064
33886.84091492703,-0.005126039316696046,-0.22301017512613766,-7.493519003375059,-20.604037030111964
34739.71777424278,-0.0053876954094560755,-0.23409900200259545,-7.672112130421133,-20.81854212947841
35614.060161696354,-0.005662728000729602,-0.24572499330425865,-7.852251129934668,-21.033157920843138
36510.408329837635,-0.0059518230613773366,-0.25791275658473456,-8.033887648028719,-21.24788132672498
37429.316128498016,-0.006255701962677107,-0.2706878879988553,-8.216974029105197,-21.462709526127796
38371.35134701113,-0.006575123326384788,-0.28407699849864254,-8.401463393814163,-21.677639948507526
39337.09606504781,-0.006910884973921114,-0.2981077393497405,-8.58730970962532,-21.892670268276806
40327.14701228096,-0.007263825980182723,-0.3128088267935356,-8.774467854223012,-22.107798399841435
41342.115937101895,-0.007634828837901149,-0.3282100656658665,-8.962893671974943,-22.323022493163684
42382.62998461736,-0.00802482173879156,-0.3443423717682325,-9.152544023757716,-22.538340929848427
43449.332084160225,-0.008434780978129003,-0.36123779277254675,-9.343376830448419,-22.75375231974866
44542.88134655199,-0.00886573348977945,-0.3789295274252762,-9.535351110412142,-22.969255498087474
45663.9534713658,-0.009318759519164794,-0.39745194280204177,-9.728427011331817,-23.18484952309521
46813.24116443744,-0.009794995442165088,-0.41684058934895996,-9.92256583673617,-23.400533674160258
47991.45456588582,-0.010295636738331605,-0.43713221343312675,-10.117730067589486,-23.616307450494006
49199.32168890585,-0.010821941127450588,-0.45836476711123847,-10.313883379308503,-23.832170570310712
50437.58886960428,-0.011375231879032412,-0.4805774148131375,-10.51099065457132,-24.048122970524123
51707.0212281579,-0.01195690130487024,-0.5038105366264004,-10.709017992279508,-24.264164806964274
53008.40314157863,-0.012568414445573753,-0.5281057278588629,-10.907932713028217,-24.480296455118303
54342.53872837563,-0.013211312962594932,-0.5535057945489864,-11.107703361430278,-24.696518511400456
55710.252345418325,-0.013887219248125662,-0.5800547445897098,-11.308299705631097,-24.912831794958276
57112.38909730193,-0.014597840765975924,-0.6077977741295508,-11.50969273433806,-25.129237350021953
58549.815358534484,-0.015344974637528696,-0.6367812489168158,-11.711854651676942,-25.345736448806306
60023.419308866476,-0.016130512487758084,-0.6670526802582499,-11.914758870173534,-25.56233059497567
61534.1114820927,-0.01695644556733649,-0.6986606952734311,-12.118380002144665,-25.77902152768298
63082.82532866773,-0.017824870168007476,-0.7316550011408238,-12.322693849769147,-25.99581122619675
64670.517792481536,-0.01873799334954633,-0.7660863430513902,-12.527677394094223,-26.21270191513026
66298.16990214984,-0.019698138998011823,-0.802006455610892,-12.733308783218899,-26.429696070289076
67966.78737718938,-0.020707754236281288,-0.8394680074638627,-12.939567319882208,-26.64679642515533
69677.40124944647,-0.021769416209488364,-0.8785245389497132,-13.146433448669603,-26.864005978027667
71431.0685001678,-0.02288583926957035,-0.919230392646207,-13.35388874303883,-27.08132799983882
73228.87271310524,-0.024059882584930255,-0.9616406367067797,-13.561915892353259,-27.298766042673993
75071.92474405687,-0.025294558203105864,-1.0058109809563105,-13.770498689098844,-27.516323949015167
76961.36340726068,-0.026593039596537124,-1.0517976857753295,-13.9796220164502,-27.734005861739163
78898.35617906373,-0.027958670723665008,-1.099657463874417,-14.189271836340225,-27.9518162348988
80884.0999192993,-0.029394975640188233,-1.1494473751388077,-14.399435178178262,-28.169759845319142
82919.82161082387,-0.030905668697876393,-1.2012247148078943,-14.610100128353514,-28.387841805043674
85006.77911766293,-0.032494665371368726,-1.2550468953435545,-14.82125582065131,-28.606067574666923
87146.26196224062,-0.03416609375650875,-1.3109713224357946,-15.03289242770382,-28.82444297759378
89339.59212217093,-0.03592430678721562,-1.3690552656917259,-15.245001153589854,-29.042974215268295
91588.12484710102,-0.037773895221747546,-1.4293557246538682,-15.4575742276928,-29.261667883417466
93893.24949611502,-0.039719701453261105,-1.4919292908948867,-15.670604899921765,-29.480530989359693
96256.39039621394,-0.04176683420414312,-1.5568320070361068,-15.884087437396456,-29.699570970430447
98679.00772239944,-0.04392068416842746,-1.6241192236351452,-16.09801712269354,-29.918795713581247
101162.59839991253,-0.0461869406721125,-1.6938454549823176,-16.312390253750607,-30.13821357621331
103708.69702917541,-0.04857160942697004,-1.7660642349330566,-16.527204145521278,-30.357833408309492
106318.87683401551,-0.051081031459935325,-1.840827973984133,-16.74245713347566,-30.577664575934712
108994.75063375464,-0.053721903307257846,-1.9181878188716603,-16.958148579039825,-30.79771698617857
111737.97183976205,-0.056501298570255265,-1.9981935160274775,-17.17427887706887,-31.018001113619462
114550.23547709147,-0.05942669093813816,-2.08089328027607,-17.390849465450597,-31.238528028395404
117433.2792318295,-0.06250597879253447,-2.1663336701842066,-17.607862836938573,-31.459309425972243
120388.88452480569,-0.06574751151876752,-2.254559471489758,-17.82532255331731,-31.68035765870668
123418.8776123237,-0.06916011766003956,-2.3456135900325137,-18.04323326200588,-31.901685769308152
126525.13071459843,-0.07275313506319812,-2.439536955588533,-18.26160071521205,-32.12330752631135
129709.56317259268,-0.07653644317827177,-2.5363684379694047,-18.480431791753848,-32.345237461678764
132974.1426339711,-0.08052049768906791,-2.636144776689492,-18.699734521673104,-32.567490910661384
136320.88626889983,-0.0847163676686033,-2.7389005254276544,-18.91951811377219,-32.79008405405466
139751.86201644863,-0.08913577547138096,-2.8446680124168116,-19.139792986214413,-33.01303396299712
143269.18986236252,-0.0937911395946313,-2.9534773177854134,-19.360570800337584,-33.236358646469355
146875.04314899063,-0.09869562076283132,-3.0653562687518052,-19.58186449784052,-33.460077101662506
150571.64991818662,-0.10386317151432103,-3.1803304534381054,-19.80368834151449,-33.68420936739828
154361.29428800585,-0.10930858959581441,-3.298423253925776,-20.026057959703408,-33.908776580795326
158246.31786405388,-0.11504757550066913,-3.419655899024927,-20.24899039469108,-34.13380103739162
162229.12118635283,-0.12109679451963454,-3.5440475370752185,-20.47250415522832,-34.35930625494765
166312.1652126266,-0.1274739437095357,-3.671615328942146,-20.696619273429818,-34.5853170411726
170497.97283891568,-0.1341978242257197,-3.8023745612206556,-20.921357366287836,-34.81185956563314
174789.13045846572,-0.14128841950887694,-3.9363387795126723,-21.14674170206974,-35.03896143612462
179188.28955984695,-0.14876697986641407,-4.0735199415082,-21.37279727188671,-35.26665177980483
183698.16836529964,-0.1566561140434744,-4.213928589474957,-21.599550866744465,-35.494961329414025
188321.55351031147,-0.16497988843945713,-4.35757404165064,-21.827031160410478,-35.72392251492871
193061.30176546972,-0.17376393469317322,-4.504464601937942,-22.05526879845932,-35.953569561023464
197920.34180164573,-0.18303556643442634,-4.65460778722648,-22.284296493885446,-36.18393859074291
202901.67599961002,-0.19282390608225577,-4.808010571610086,-22.514149129704162,-36.415067735817075
208008.38230519017,-0.20316002266166294,-4.96467964673241,-22.744863868993548,-36.64699725408527
213243.61613112254,-0.21407708171162504,-5.124621697480078,-22.97648027286558,-36.87976965452896
218610.61230676627,-0.22561050846939606,-5.2878436922497905,-23.20904042689186,-37.11342983045068
224112.68707689256,-0.23779816563966388,-5.454353187044632,-23.442589076549375,-37.34802520137651
229753.24015077786,-0.2506805471941056,-5.624158642703049,-23.677173772293443,-37.58360586430014
235535.75680287197,-0.2643009897975828,-5.797269754632026,-23.91284502490954,-37.820224754931616
241463.81002633192,-0.2787059036237796,-5.973697794500616,-24.149656471841368,-38.05793781965892
247541.0627407617,-0.2939450245059386,-6.153455963451254,-24.387665055241342,-38.296804198978826
253771.27005551395,-0.3100716895694378,-6.3365597564994625,-24.626931212537556,-38.53688642320153
260158.2815899587,-0.32714313871296336,-6.523027337917568,-24.867519080361614,-38.778250621283085
266706.04385214427,-0.34522084454547475,-6.712879927529686,-25.10949671272971,-39.02096674368771
273418.6026773302,-0.36437087364743515,-6.906142197982147,-25.352936314416716,-39.265108800228894
280300.1057278911,-0.38466428230772726,-7.102842683189832,-25.597914490505076,-39.51075511388008
287354.80505614245,-0.4061775501921869,-7.303014198292103,-25.844512513126897,-39.75798859158184
294587.05973166274,-0.42899305572444635,-7.5066942715749665,-26.092816606442682,-40.00689701309731
302001.3385347467,-0.45319959730378884,-7.713925588925009,-26.342918250912263,-40.2575733389795
309602.2227176452,-0.47889296484328,-7.924756451464942,-26.594914507902615,-40.510116038702826
317394.4088353045,-0.5061765664799671,-8.139241247074024,-26.84890836563911,-40.764629439972715
325382.7116473443,-0.5351621156780805,-8.357440936504812,-27.105009107427293,-41.021224100147734
333572.06709308043,-0.5659703843041071,-8.579423554758597,-27.363332702941054,-41.28001720057665
341967.53534142015,-0.5987320275809502,-8.805264728253304,-27.624002223167977,-41.54113296444798
350574.3039175222,-0.6335884871030211,-9.035048208088437,-27.887148279303034,-41.8047030984495
359397.69090814306,-0.6706929782802864,-9.268866419347091,-28.152909485453918,-42.070867258106766
368443.14824766375,-0.7102115686310816,-9.506821025836548,-28.421432944425568,-42.33977353607444
377716.2650868157,-0.7523243531971568,-9.749023508899459,-28.692874755032285,-42.611578971833886
387222.7712461975,-0.797226732925993,-9.995595757858931,-28.967400538273516,-42.886450080138765
396968.5407567024,-0.8451308010407774,-10.246670668197282,-29.245185978209154,-43.16456339404936
406959.5954890609,-0.8962668410471303,-10.502392741589578,-29.526417371361102,-43.44610601638724
417202.1088747282,-0.9508849379060426,-10.762918679254362,-29.811292175784487,-43.73127617075841
427702.40972042544,-1.0092567007691522,-11.028417956534376,-30.1000195473833,-44.020283739723986
438466.98611867806,-1.0716770911729714,-11.299073361893477,-30.392820846304815,-44.313350772956966
449502.48945678485,-1.1384663442582337,-11.575081477239763,-30.6899300899617,-44.610711941938284
460815.7385266809,-1.2099719618069924,-11.856653068157456,-30.991594320898308,-44.91261490941213
472413.7237382447,-1.286570743866896,-12.144013341591467,-31.298073846678022,-45.21932057078121
484303.6114386377,-1.3686708093993059,-12.437402013894873,-31.609642294336542,-45.53110310999053
496492.74834036484,-1.4567135343553113,-12.737073112748313,-31.92658640255036,-45.84824979305185
508988.6660607756,-1.551175306027652,-13.043294410726137,-32.249205448942625,-46.17106039663444
521799.0857758232,-1.6525689530661434,-13.356346354140978,-32.57781017581505,-46.49984613501378
534931.9229909416,-1.7614446580745144,-13.676520305483582,-32.912721032291195,-46.83492790336628
548395.2924320074,-1.8783900902031871,-14.00411585764414,-33.254265490738184,-47.176633595279746
562197.5130593934,-2.0040294034275115,-14.339436898357786,-33.602774115604376,-47.52529417261982
576347.1132082243,-2.1390206256401894,-14.682785997728587,-33.958574957236344,-47.88123806031808
590852.8358579931,-2.2840508059755003,-15.034456552255854,-34.321985703823344,-48.24478329923221
605723.6440348165,-2.439828082721399,-15.394721935506785,-34.69330284135275,-48.616226706963985
620968.7263496494,-2.6070695697115838,-15.763820666364694,-35.07278683226075,-48.99582905732137
636597.5026758941,-2.786483621919894,-16.141936296956498,-35.46064201465248,-49.38379498030077
652619.6299698948,-2.9787446182874744,-16.529170330241296,-35.856989531858915,-49.78024589235875
669045.008237935,-3.1844578832868837,-16.925505991987194,-36.26183111685866,-50.18518378150276
685883.7866534083,-3.404111762774205,-17.330760105527922,-36.67500097977116,-50.598443095409316
703146.3698279562,-3.6380132071543487,-17.74451967981087,-37.09610240876249,-51.01962734291196
720843.4242404265,-3.886202585458049,-18.166059207150145,-37.52442508062026,-51.448026405117304
738985.8848276503,-4.1483430524225975,-18.594234266316942,-37.95883867648614,-51.88251015163847
757584.961741099,-4.423579993519491,-19.027347209638933,-38.39765858128622,-52.32139414048794
776652.1472735818,-4.710367546455814,-19.46298214002956,-38.838480872660824,-52.762274607431856
796199.2229602919,-5.006263022213576,-19.897810130427814,-39.27798755176616,-53.201833697179815
816238.2668585648,-5.307697787127601,-20.32737326393292,-39.71173059413505,-53.63562351459797
836781.6610108675,-5.609746693396764,-20.745869452078036,-40.13391677795394,-54.057850953303436
857842.0990956007,-5.905938859128596,-21.14598052708406,-40.53723578551997,-54.46120579740481
879432.5942704774,-6.188179503185577,-21.518812815752725,-40.9128007854692,-54.83680130398045
901566.4872132957,-6.446878887652344,-21.854045558516873,-41.25029685923492,-55.17432262975392
924257.4543650954,-6.671394061428835,-22.14039200959869,-41.5384421076358,-55.46248793786709
947519.5163807643,-6.850856823986783,-22.36644566020785,-41.76583387948318,-55.689894626640466
971367.0467923495,-6.9753645981963555,-22.52188724951924,-41.922155786911894,-55.846226345025734
995814.7808904,-7.037356247163365,-22.59887361719789,-41.99956656117492,-55.92364184849073
1020877.8248288499,-7.032843349351564,-22.593278070482874,-41.99394042189279,-55.91801536832841
1046571.6649590364,-6.9621214238024915,-22.5054061463368,-41.90558284025127,-55.82965237488321
1072912.1773986602,-6.829715784747376,-22.339941135598856,-41.73917606307883,-55.663235101626384
1099915.6378415695,-6.64358136901275,-22.10513873545638,-41.502973764119126,-55.42701719639574
1127598.731614452,-6.413829492906551,-21.811544142416604,-41.2075181346877,-55.131540811988714
1155978.5639866167,-6.151360460146272,-21.470611154194323,-40.86425898214303,-54.7882557045387
1185072.6707392773,-5.866714912131675,-21.093537037443,-40.48438859312058,-54.408354096623334
1214899.0290008355,-5.5692993096876,-20.690469543033473,-40.07804874326289,-54.00197768683726
1245476.0683548832,-5.266991842522906,-20.270093387910705,-39.65391717251214,-53.57780412489543
1276822.6822277515,-4.966047592676685,-19.83951599456241,-39.21909331704298,-53.142932743344346
1308958.2395626907,-4.671196727041548,-19.4043471003859,-38.779177910173765,-52.70296415821883
1341902.596787856,-4.385842703958756,-18.968879886286885,-38.338454101650335,-52.26218138803794
1375676.1100855218,-4.11229460669236,-18.536308208642293,-37.9001046795036,-51.823767075340264
1410299.6479700673,-3.8519940128068293,-18.108940624018302,-37.46642608395075,-51.39001750022818
1445794.6041825565,-3.605716532181755,-17.688391447747108,-37.03901945453177,-50.96253362711137
1482182.9109098355,-3.373740788280655,-17.275741587002507,-36.618951451220056,-50.542381925387815
1519487.0523363538,-3.1559847226966427,-16.87166888651089,-36.206884587753414,-50.130224702307316
1557730.0785370294,-2.952112530818107,-16.476551079369624,-35.80318016977819,-49.726423040609255
1596935.6197198085,-2.761616786538233,-16.090545643086386,-35.40797813805322,-49.33111664118009
1637127.900826665,-2.5838804043632773,-15.713650934691216,-35.02125819071107,-48.944284944726604
1678331.7565021082,-2.4182226381716987,-15.345752532694641,-34.64288611250848,-48.5657934603957
1720572.646438384,-2.263932673618368,-14.986658088278803,-34.272648613625655,-48.19542860389856
1763876.6711069297,-2.120293712683104,-14.63612335515802,-33.91027934763738,-47.83292371476077
1808270.5878857384,-1.9865998538759169,-14.29387150256999,-33.55547821331857,-47.47797835735915
1853781.827592648,-1.8621675678493068,-13.959607343390479,-33.207925572493394,-47.13027253795274
1900438.511434709,-1.746343157624028,-13.633027729164297,-32.86729263595238,-46.78947708973038
1948269.4683841746,-1.6385072660289612,-13.313829065204537,-32.53324897083667,-46.45526117927184
1997304.2529917983,-1.538077237240911,-13.001712667993935,-32.20546785198559,-46.12729765691671
2047573.1636484838,-1.4445079412805368,-12.696388510398247,-31.883630003035513,-45.80526679682659
2099107.261306511,-1.3572915181585077,-12.397577765861062,-31.567426138732007,-45.488858838200144
2151938.3886719868,-1.2759563821273323,-12.105014461059529,-31.2565586182421,-45.177775637425356
2206099.189880314,-1.2000657381097308,-11.81844646972474,-30.950742442491116,-44.87173166419054
2261623.1306668827,-1.1292157954355218,-11.53763602244214,-30.649705770672696,-44.57045451670014
2318544.5190453883,-1.0630338135112618,-11.262359863626914,-30.35319008747146,-44.27368508753146
2376898.5265066233,-1.0011760760812938,-10.992409153999736,-30.06095011967705,-43.98117747880814
2436721.209750792,-0.9433258623200942,-10.727589192115099,-29.772753576102975,-43.69269874060034
2498049.532966812,-0.8891914618247987,-10.467719009815188,-29.488380766048543,-43.40802848778631
2560921.3906723084,-0.83850426489691,-10.212630882393668,-29.20762413745551,-43.12695843652363
2625375.631128497,-0.7910169479711686,-9.962169783624782,-28.93028776528051,-42.8492918908469
2691452.080344353,-0.7465017656470258,-9.716192807797352,-28.65618681258293,-42.5748432018879
2759191.566684963,-0.7047489547257669,-9.47456857485022,-28.38514698077502,-42.30343721616035
2828635.946099167,-0.6655652513650988,-9.237176630158055,-28.117003960919025,-42.034908724790014
2899828.1279822006,-0.6287725194840353,-9.003906847100184,-27.851602894519875,-41.7691019221337
2972812.101689218,-0.594206486546178,-8.774658837990392,-27.58879784968218,-41.505869879651264
3047632.9637161624,-0.5617155815619177,-8.549341377043568,-27.328451316566703,-41.245074038960475
3124336.9455646635,-0.5311598693867811,-8.327871837652008,-27.070433724640743,-40.9865837265641
3202971.4423083183,-0.5024100750083145,-8.110175645219499,-26.81462298314814,-40.73027569166902
3283585.0418778975,-0.47534669139887065,-7.8961857460678555,-26.560904045439962,-40.47603366773301
3366227.5550836544,-0.449859164584554,-7.685842092417193,-26.30916849723597,-40.223747957802836
3450950.046393178,-0.425845149781254,-7.479091143097968,-26.05931416847906,-39.97331504329981
3537804.8654839383,-0.40320983273204314,-7.2758853794377725,-25.811244768158836,-39.72463721562223
3626845.6795899547,-0.38186531071414764,-7.07618283565041,-25.56486954128755,-39.47762222974106
3718127.5066625183,-0.36173002804374405,-6.879946643013635,-25.320102947087705,-39.23218297884109
3811706.7493655826,-0.34272826127668343,-6.68714458713716,-25.07686435737742,-38.988237188986105
3907641.229926724,-0.3247896496707842,-6.497748677680728,-24.83507777410604,-38.74570713275294
4005990.225865288,-0.30784876683228524,-6.311734729970388,-24.59467156498508,-38.504519360771326
4106814.5066196756,-0.2918447298105778,-6.129081958072077,-24.355578216173676,-38.26460445012047
4210176.37109656,-0.2767208422274321,-5.9497725790061935,-24.11773410100437,-38.02589676855958
4316139.686165109,-0.262424268328706,-5.773791427920956,-23.881079263772907,-37.788334253606905
4424769.926120093,-0.24890573512634673,-5.601125584178982,-23.645557217658514,-37.55185820552459
4536134.213138127,-0.2361192600571452,-5.431764008447865,-23.411114755888647,-37.31641309331372
4650301.358752226,-0.22402190182215492,-5.265697191016364,-23.177701775310503,-37.08194637287202
4767341.906370145,-0.21257353228822312,-5.102916811681465,-22.945271111581608,-36.848408316516114
4887328.174862899,-0.20173662753156868,-4.943415411663511,-22.713778385240232,-36.61575185311876
5010334.303250236,-0.19147607628395555,-4.787186078105511,-22.483181857964418,-36.38393241815899
5136436.296510873,-0.1817590042063471,-4.634222141795184,-22.253442298373894,-36.15290781302813
5265712.072545632,-0.17255461256377996,-4.484516888814016,-22.02452285677358,-35.92263807297925
5398241.510322638,-0.16383403001011818,-4.338063286863104,-21.796388948278704,-35.69308534314821
5534106.499234136,-0.1555701763136106,-4.194853727041706,-21.569008143801543,-35.464213762114404
5673390.989695653,-0.1477376369644663,-4.054879781858476,-21.34235006841603,-35.23598935250533
5816181.045018587,-0.14031254770562823,-3.9181319802389596,-21.116386306652082,-35.00837991818438
5962564.894588424,-0.13327248811799208,-3.7845996002546487,-20.891090314303312,-34.7813549475931
6112632.988381235,-0.12659638347285268,-3.654270480240372,-20.66643733636273,-34.55488552284953
6266478.052852395,-0.12026441413785541,-3.527130848888149,-20.442404330728316,-34.32894423423202
6424195.148231845,-0.11425793188913429,-3.403165174809506,-20.218969897347403,-34.1035050997043
6585881.727261477,-0.1085593825422586,-3.2823560359452775,-19.99611421249233,-33.878543489161615
6751637.695410694,-0.1031522343688304,-3.1646840090755224,-19.77381896788294,-33.654036053100384
6921565.472607643,-0.09802091181432762,-3.05012757954374,-19.552067314391437,-33.42996065543444
7095770.056524038,-0.09315073407708575,-2.938663071163357,-19.33084381008512,-33.206296310200585
7274359.087452846,-0.08852785814813505,-2.830264596122044,-19.11013437237938,-32.98302312191381
7457442.914818689,-0.08413922594773963,-2.724904024545254,-18.88992623409036,-32.760122229349555
7645134.665362361,-0.07997251522704146,-2.6225509732263843,-18.670207903190786,-32.53757575254519
7837550.313041341,-0.07601609393277955,-2.523172812881463,-18.4509691260868,-32.315366742827734
8034808.750689683,-0.07225897775968716,-2.4267346931432385,-18.232200854245693,-32.093479135687694
8237031.863481318,-0.06869079063942031,-2.3331995843762936,-18.013895214016216,-31.871897706331545
8444344.604242459,-0.0653017279366551,-2.2425283352734886,-17.796045479492832,-31.65060802775615
8656875.070659403,-0.06208252214295354,-2.154679745087085,-17.578646048285375,-31.429596431199663
8874754.584429633,-0.059024410876896985,-2.069610649256535,-17.361692420063186,-31.208849968832702
9098117.772404846,-0.05611910701536427,-1.987276017121171,-17.145181177750946,-30.98835637856316
9327102.649776405,-0.05335877079557908,-1.9076290603496866,-16.929109971259287,-30.768104050835973
9561850.70535431,-0.05073598374110397,-1.8306213506812172,-16.71347750363949,-30.54808199731749
9802506.988992631,-0.04824372427709596,-1.756202945553399,-16.498283519556097,-30.328279821361015
10049220.2012151,-0.045875344911293976,-1.6843225201921395,-16.2835287959757,-30.108687690157407
10302142.785096623,-0.04362455086735109,-1.6149275047537714,-16.06921513497284,-29.8892963084803
10561431.020457188,-0.041485380066277014,-1.5479642251429406,-15.855345358556914,-29.67009689394205
10827245.120426606,-0.03945218436019977,-1.4833780461766135,-15.641923305425369,-29.451081153681578
11099749.330439419,-0.037519611930274706,-1.4211135158251471,-15.428953829549565,-29.23224126241095
11379112.029721545,-0.03568259076755574,-1.3611145093328771,-15.216442800499404,-29.013569841751597
11665505.835331084,-0.0339363131620479,-1.3033243721023136,-15.004397105412501,-28.795059940796484
11959107.708817761,-0.032276221130880516,-1.2476860603147446,-14.792824652511921,-28.576705017837885
12260099.065566605,-0.030697992721988938,-1.19414227835491,-14.581734376074527,-28.35849892320531
12568665.886893857,-0.02919752913443841,-1.1426356122056456,-14.371136242748253,-28.140435883160823
12884998.834964007,-0.027770942601084616,-1.093108658079176,-14.161041259113489,-27.922510484803418
13209293.370599264,-0.02641454498321861,-1.045504145652443,-13.95146148037824,-27.704717661936655
13541749.874053838,-0.025124837030712686,-0.999765055373853,-13.742410020091857,-27.487052681857584
13882573.768828165,-0.023898498264511844,-0.9558347294058458,-13.533901060754976,-27.269511133027034
14231975.648599196,-0.022732377441510132,-0.9136569758615818,-13.325949865196595,-27.05208891358491
14590171.407345468,-0.02162348356472896,-0.8731761660829219,-13.118572788580815,-26.834782220676118
14957382.372746935,-0.020568977404370314,-0.8343373247904563,-12.9117872908971,-26.61758754055572
15333835.442942537,-0.019566163497769837,-0.7970862130138621,-12.705611949777726,-26.400501639443682
15719763.226729566,-0.01861248259850065,-0.7613694037818843,-12.50006647347604,-26.18352155510228
16115404.187291803,-0.017705504546998638,-0.7271343506154806,-12.295171713827493,-25.966644589110924
16521002.789544752,-0.01684292153691632,-0.6943294489249525,-12.090949679003852,-25.749868299815617
16936809.651189588,-0.016022541753237578,-0.6629040904623256,-11.887423545857734,-25.533190495931535
17363081.697568912,-0.015242283359817041,-0.6328087110237767,-11.684617671641917,-25.316609230779513
17800082.32041964,-0.014500168815414466,-0.6039948316339924,-11.482557604874252,-25.1001227971389
18248081.540621817,-0.013794319498827898,-0.5764150934748442,-11.281270095104306,-24.883729722700473
18707356.175043333,-0.013122950624886,-0.5500232868456515,-11.080783101324364,-24.667428766105246
19178190.007584073,-0.012484366434330615,-0.5247743744612783,-10.881125798752521,-24.45121891355596
19660873.96452458,-0.011876955641680705,-0.5006245094084354,-10.682328583701734,-24.235099375990128
20155706.294288356,-0.011299187126206211,-0.477531048089756,-10.484423076234375,-24.019069586804065
20662992.751728274,-0.010749605852103659,-0.45545255849037214,-10.287442120288798,-23.803129200119404
21183046.78705137,-0.01022682900479374,-0.43434882410304987,-10.091419780951686,-23.58727808958447
21716189.739498205,-0.00972954233115306,-0.41418084384594356,-9.896391338538738,-23.37151634770434
22262751.03589722,-0.009256496672181959,-0.39491082830219154,-9.702393279135894,-23.155844285694243
22823068.394216113,-0.008806504677372352,-0.376502192603299,-9.509463281245507,-22.94026243385252
23397488.032236572,-0.00837843769064547,-0.3589195462689671,-9.317640198175576,-22.724771542450114
23986364.881480526,-0.007971222798400459,-0.3421286803048952,-9.126964035807168,-22.509372583134926
24590062.80652107,-0.007583840030753555,-0.32609655184785896,-8.937475925374127,-22.294066750849936
25208954.829812758,-0.007215319707549163,-0.31079126663385975,-8.749218090892981,-22.07885546626543
25843423.36218086,-0.006864739921310998,-0.29618205955103993,-8.562233810887422,-21.8637403787262
26493860.43911112,-0.00653122414967354,-0.2822392735244073,-8.376567374063717,-21.648723369715846
27160667.962987073,-0.006213938990313387,-0.2689343369643853,-8.192264028609003,-21.433806556840747
27844257.951423746,-0.005912092011829719,-0.256239739996221,-8.009369924806705,-21.218992298337294
28545052.791851882,-0.005624929714318322,-0.24412900967224166,-7.827932050689942,-21.00428319810666
29263485.50250904,-0.005351735593859571,-0.23257668435418066,-7.647998160487823,-20.78968211128227
30000000.00000001,-0.005091828305355465,-0.22155828743834088,-7.469616695658393,-20.57519215033528
