frequency_hz,0.10_uF_ohm,0.47_uF_ohm,1.00_uF_ohm,4.00_uF_ohm
10.0,159154.94309102357,33862.753848230444,15915.494307819801,3978.873575236499
10.251683791196987,155247.61232651732,33031.40687703567,15524.761231336892,3881.1903060725217
10.509702055469104,151436.208420495,32220.4698757305,15143.620840701577,3785.9052083693527
10.774214221236228,147718.37632222427,31429.441769691013,14771.837630840573,3692.959405858647
11.045383729473151,144091.8187986061,30657.833785917435,14409.18187844398,3602.2954677129
11.323378134699084,140554.29501472443,29905.169151023332,14055.42950002016,3513.857373059173
11.608369208508899,137103.61914924317,29170.982796639284,13710.361913435478,3427.5904763640283
11.900533045710088,133737.65904379633,28454.821072049155,13373.765902853323,3343.4414736682825
12.200050173131023,130454.33488553613,27756.24146388101,13045.433486988888,3261.358369650703
12.507105661167731,127251.61792202534,27074.812322680147,12725.161790598426,3181.290445500322
12.82188923813813,124127.52920767941,26410.112596194504,12412.752919123464,3103.1882275774874
13.144595407514377,121080.13838098425,25761.731569208278,12108.013836412558,3027.0034568443048
13.47542356810575,118107.56247173372,25129.268609762727,11810.756245445074,2952.6890590455823
13.81457813726636,115207.9647375503,24512.332921607267,11520.79647198323,2880.19911562184
14.162268677203782,112379.55352896935,23910.54330272815,11237.955351080544,2809.488835336419
14.518710024466682,109620.58118238636,23323.52790980524,10962.058116376531,2740.514526599163
14.88412242269143,106929.34294018307,22750.924028451638,10692.934292109332,2673.2335704695697
15.258731658689737,104304.17589736432,22192.377849093904,10430.417587779413,2607.604394322715
15.64276920196139,101743.45797405629,21647.544248354614,10174.34579539936,2543.5864461617066
16.036472347718302,99245.60691323003,21116.086575802023,9924.560689266236,2481.1401695607697
16.44008436350824,96809.0793030311,20597.676445935194,9680.907928194578,2420.2269792234965
16.853854639528848,94432.36962311203,20091.993535275902,9443.236960149605,2360.8092371411485
17.278038842724804,92114.00931437744,19598.72538444214,9211.400929221742,2302.850229336289
17.712899074763385,89852.56587156732,19117.567205080682,8985.256584884957,2246.3141431773643
18.15870403398599,87646.64195811821,18648.221691539697,8764.664193482866,2191.166045250232
18.615729181435743,85494.87454275443,18190.39883716477,8549.487451887875,2137.3718597729467
19.08425691106377,83395.93405727675,17743.81575510497,8339.593403280012,2084.898347540467
19.564576724219144,81348.52357502791,17308.196503518313,8134.852354993528,2033.713085386305
20.056985408530736,79351.37800952666,16883.27191506831,7935.137798380246,1983.7844461483664
20.561787221290892,77403.26333277636,16468.779430606737,7740.326330640475,1935.081579126676
21.07929407745493,75502.97581276389,16064.462936939271,7550.297578572853,1887.5743910208398
21.609825742371925,73649.34126967889,15670.07260857432,7364.93412419631,1841.2335273355345
22.15371002936658,71841.2143503926,15285.364753356802,7184.121432197926,1796.0303542424745
22.711283002293538,70077.47782074932,14910.101661891838,7007.747779162082,1751.9369408876978
23.282889183190044,68357.04187523143,14544.051460665032,6835.704184536983,1708.9260421331949
23.868881765154494,66678.84346357369,14186.98796876885,6667.884343296055,1666.9710817222629
24.46962283058318,65041.84563390847,13838.6905581463,6504.184560252483,1626.0461358581354
25.08548357489932,63445.03689203771,13498.944017265861,6344.503685986419,1586.1259171857869
25.716844535913374,61887.43057643446,13167.53841814303,6188.743054345118,1547.1857591669657
26.364095828955584,60368.064248589384,12844.26898662686,6036.806421477598,1509.2016008388584
27.02763738792682,58885.999098323366,12528.935975870685,5888.599906365893,1472.149971946906
27.707879212415893,57440.3193637011,12221.34454290951,5744.0319328164205,1436.0079784426412
28.405241621036797,56030.131765185106,11921.30462826724,5603.013172875384,1400.7532883375434
29.1201555111417,54654.564953682406,11628.630838519792,5465.456491633419,1366.364117904198
29.8530626250707,53312.76897214125,11343.142331741225,5331.276893385306,1332.8192182162234
30.60441582310259,52003.91473036625,11064.662705762263,5200.39146911144,1300.0978620186406
31.37467936327534,50727.193492727,10793.019889172137,5072.719345248723,1268.1798309205954
32.16432918824925,49481.81637844359,10528.046034996361,4948.181633719105,1237.0454029024934
32.973853219389895,48267.013874140524,10269.577416984785,4826.7013831849745,1206.675340129848
33.8037516582528,47082.03535836755,10017.454328445807,4708.203531501237,1177.0508770662998
34.65453729565585,45926.148637793725,9771.520983564295,4592.614859334737,1148.153708878471
35.52673582853066,44798.63949478819,9531.625421142142,4479.863944922318,1119.9659801254834
36.420886184748504,43698.81124610813,9297.61941070211,4369.881119939633,1092.4702737261568
37.337540856121656,42625.98431242094,9069.358360896778,4262.598426453348,1065.649600197063
38.27726623978577,41579.4957983951,8846.7012301662,4157.94957493024,1039.4873871547984
39.24064298817434,40558.69908309978,8629.510439588867,4055.869903277149,1013.9674690759743
40.22826636780146,39562.963420460495,8417.651787872279,3956.2963368865517,989.0740773086069
41.240746627074515,38591.67354952367,8210.994368430516,3859.1673496630137,964.7918303287324
42.278709373364165,37644.2293142895,8009.410488497605,3764.422926006472,941.1057242362282
43.342795959564555,36720.04529287797,7812.775590226672,3672.004523728845,918.0011234839633
44.433663880382625,35818.55043579913,7620.968173726175,3581.85503788105,895.4637518345542
45.55198717860136,34939.187713103966,7433.869721985631,3493.9187654681023,873.479683539139
46.698456861568054,34081.41377019789,7251.364627644422,3408.141371030455,852.0353347327118
47.8737813281649,33244.69859210419,7073.340121558496,3324.4698530703427,831.1174550407101
49.07868680652571,32428.525175969953,6899.686203120791,3242.8525113023825,810.7131193916631
50.31391780276931,31632.38921161214,6730.295572292292,3163.238914708177,790.809720030843
51.58023756102677,30855.79876990643,6565.06356330179,3085.5798703751925,771.3949587299862
52.878428535046815,30098.273998826207,6403.888079973344,3009.8273931006706,752.4568391882677
54.20929287167077,29359.34682694398,6246.6695326414565,2935.934675741757,733.9836596198371
55.573652906475765,28638.560674212036,6093.310776615045,2863.8560602935763,715.9640055233331
56.9723516718925,27935.470169843436,5943.717052152132,2793.5470096773256,698.3867426289108
58.40625341811149,27249.640877119306,5797.795925908194,2724.9640802210065,681.2410100184221
59.876244147099726,26580.649024952123,5655.457233821978,2658.064894815754,664.5162134144982
61.383232160057574,25928.08124603939,5516.613025403503,2592.808116731201,648.2020186343915
62.92814861865439,25291.534321445615,5381.177509389815,2529.1534240736787,632.2883452045247
64.51194812038943,24670.614931455035,5249.067000734916,2467.0614848714895,616.7653601318092
66.13560928843373,24064.93941254096,5120.199868901126,2406.4939327718384,601.6234718278781
67.8001353763173,23474.1335203017,4994.496487419907,2347.4133433344286,586.8533241824848
69.50655488783536,22897.832198216463,4871.8791846909935,2289.7832109070473,572.4457907823997
71.25592221255656,22335.679352078474,4752.272195989442,2233.5679260688826,558.3919692722383
73.04931827732594,21787.327629965777,4635.601616650909,2178.7327536276,544.6831758537312
74.88785121416522,21252.438207613977,4521.795356406271,2125.2438111566175,531.3109399200429
76.77265704498288,20730.680579058113,4410.783094837344,2073.068048059294,518.2669988218173
78.70490038351767,20221.732352414318,4302.49623792618,2022.173225147094,505.5432927617207
80.68577515494812,19725.279050675348,4196.867875671128,1972.527894719139,493.1319598143283
82.71650533361466,19241.013917396376,4093.8327407433835,1924.1013811307898,481.0253310682701
84.79834569930763,18768.6377271516,3993.327168158621,1876.863761839304,469.21592588764446
86.93258261259112,18307.858600643944,3895.2890559386187,1830.7858489148105,457.69644728976283
89.12053480963931,17858.39182435419,3799.657826738743,1785.839171005218,446.4597774363759
91.36355421707866,17419.95967461753,3706.374390417419,1741.9959557438726,435.4989732355876
93.6630267873372,16992.291246019406,3615.3811075246117,1699.2291125891402,424.80726205175137
96.02037335501946,16575.12228400402,3526.621753686618,1657.5122160852588,414.3780375206826
98.43705051483356,16168.19502159269,3440.0414848652827,1616.8194895341735,404.2048554676171
100.91455152161588,15771.25802011054,3355.5868034700725,1577.1257890682057,394.2814299253787
103.45440721300623,15384.066013823736,3273.205525302156,1538.4065881137747,384.6016292503092
106.05818695534693,15006.379758390676,3192.8467473099827,1500.6379622365198,375.15947233354865
108.72749961338693,14637.965883033996,3114.4608161365204,1463.7965743584973,365.9491249053347
111.4639945443935,14278.596746341644,3037.9992974386246,1427.8596603382916,356.96489593002997
114.26936261728288,13928.050295608242,2963.414945959678,1392.8050149051473,348.2012340896552
117.14533725740105,13586.109929629652,2890.661676336937,1358.610977938429,339.65272435375334
120.09369551760024,13252.564364865962,2819.694534625574,1325.2564210839166,331.3140846334643
123.1162591762728,12927.207504890233,2750.469670521819,1292.7207346986834,323.18016251774327
126.2148958630204,12609.8383130424,2682.944310268038,1260.983815116483,315.2459320897076
129.39152021265426,12300.260688209568,2617.0767302230115,1230.02605222578,307.5064908211445
132.64809504824044,11998.283343655918,2552.8262310810674,1199.8283173527414,299.9570565432584
135.98663259392032,11703.719688827407,2490.1531127241356,1170.3719514417046,292.5929644917878
139.40919571825538,11416.387714058248,2429.018649691221,1141.6387535258261,285.40966442466754
142.91789920886478,11136.109878107929,2369.3850672501057,1113.6109694807835,278.40271781045334
146.5149110791443,10862.712998459174,2311.215518056486,1086.2712810545715,271.5677950857714
150.2024539078731,10596.028144309163,2254.4740593861543,1059.6027951666222,264.900672980098
153.9828062125356,10335.890532187916,2199.1256309261366,1033.5890334696471,258.39723190621913
157.8583038572079,10082.13942413928,2145.136033111081,1008.2139221677295,252.05345341475453
161.8313414958786,9834.6180284016,2092.471905991475,983.4617820843974,245.86541771117447
165.90437405209624,9593.1734025267,2041.1007086206725,959.3173189745182,239.82930123377395
170.0799182358558,9357.656358877404,1990.9906989479794,935.7656140740522,233.94137429111066
174.36055409866327,9127.921372445142,1942.1109142053747,912.7921148818108,228.19799875744403
178.74892662773908,8903.82649093061,1894.4311517757428,890.3826261675247,222.5956258247522
183.24774738034515,8685.233247032023,1847.9219505307922,868.5233012006671,217.13079380993761
187.85979615924455,8472.006572886756,1802.5545726271555,847.20063319462,211.8001260158678
192.58792273032986,8264.01471661349,1758.3009857493953,826.4014469608848,206.60032864492868
197.43504858348197,8061.129160903249,1715.1338457889487,806.1128907681901,201.52818876380027
202.40416873774709,7863.224543609069,1673.0264799483127,786.322428401455,196.58057231819757
207.49835359194628,7670.17858028526,1631.9528702600362,767.0178314157171,191.7544221963525
212.7207508218618,7481.871988628378,1591.8876375103284,748.1871715802273,187.04675634003675
218.07458732517327,7298.1884147731425,1552.806025557344,729.8188135080449,182.45466590196068
223.563171215345,7119.014361397881,1514.6838860344628,711.9014074665776,177.9753134484077
229.18989386569504,6944.239117594993,1477.4976634291174,694.4238823646303,173.60593120599628
234.95823200491049,6773.754690463158,1441.2243805279393,677.3754389116258,169.34381935148465
240.87174986530408,6607.455738378963,1405.8416242192347,660.7455429447652,165.18634434356056
246.9341013851392,6445.239505906724,1371.3275316440095,644.5239189200112,161.13093729558682
253.14903246638264,6287.005760306339,1337.6607766870031,628.7005435628733,157.17509238829714
259.5203832892816,6132.656729599916,1304.8205567993734,613.2656396750701,153.3163653214611
266.05209068519565,5982.097042158845,1272.7865801448825,598.2096700932357,149.5523718035608
272.748190569149,5835.233667774067,1241.5390530616548,583.5233317959461,145.88078607854666
279.61282043360535,5691.975860173087,1211.0586678317566,569.1975501554213,142.29933948876274
286.65022190500673,5552.235100948247,1181.3265907510395,555.2234733303519,138.80581907315275
293.86474336465756,5415.925044861561,1152.3244504918705,541.5924667963811,135.39806619988022
301.2608426355721,5282.961466492325,1124.0343267515607,528.2961080108671,132.07397523251868
308.84308973694425,5153.2622081946,1096.4387391794878,515.3261812086295,128.83149222898763
316.61616970794296,5026.747129332347,1069.5206365760619,502.6746723254638,125.66861367243095
324.5848855025792,4903.338056760847,1043.2633863568578,490.3337640462821,122.58338523325125
332.75416095743196,4782.958736523837,1017.6507642754061,478.29583097482646,119.5739005615379
341.12904383406607,4665.5347867365,992.6669443983016,466.5534349219678,116.63830010914123
349.71470893802234,4550.99365162523,968.2964893264266,455.09932030968196,113.77476998066594
358.5164613163094,4439.264556695702,944.5243406562431,443.92640968785594,110.98154081267208
367.5397395353709,4330.278465001594,921.3358096752658,433.02779936115985,108.25688668039267
376.79011904155266,4223.968034486958,898.7165682859692,422.39675512328404,105.59912403129215
386.2733156061471,4120.2675763758425,876.6526401525172,412.0267080959004,103.00661064480624
395.9951888571454,4019.1130145834713,855.1303920648415,401.9112506697795,100.4777446176207
405.96174589987857,3920.441846123875,834.136525514734,392.04413254555396,98.01096337386137
416.17914502878176,3824.1931024895703,813.6580684787574,382.4192568716857,95.60474269958549
426.65369953257846,3730.307311979377,793.6823674028864,373.030676477247,93.25759580097619
437.3918815952362,3638.726462951092,774.1970793839264,363.87259019718755,90.96807238565867
448.4003262951033,3549.3939679763253,755.1901645428841,354.9393392878171,88.73475776657027
459.6858357046953,3462.2546288753697,736.6498785855767,346.2254039302929,86.5562719878313
471.25538309366686,3377.2546026104874,718.5647655458836,337.7253998199465,84.43126897207635
483.1161172375669,3294.3413680164995,700.9236507071497,329.4340748393432,82.35843568871834
495.2753668350386,3213.4636933481816,683.7156336973733,321.34630581302054,80.33649134263224
507.740645036191,3134.571604624373,666.9300817539123,313.45709534189933,78.36418658275713
520.5196540849425,3057.6163547492833,650.556623153546,305.76156871541207,76.44030273012757
533.6202900782065,2982.550393391842,634.5851408038284,298.25497089943923,74.56365102485682
547.0506478448582,2909.327337604545,619.0057659917767,290.93266359819216,72.73307189160664
560.8190259474947,2837.901943163629,603.8088722860372,283.7901223882304,70.94743422309087
574.9339318100812,2768.2300766128615,588.9850695887529,276.82293392283935,69.20563468116892
589.404086974656,2700.2686879936455,574.5251983334597,270.0267932050407,67.5065970150975
604.2384324903343,2633.975784244628,560.4203238254274,263.3975009275525,65.84927139651964
619.4461344379439,2569.310403254376,546.6617307209509,256.9309608780558,64.23263377078051
635.0365895937097,2506.2325885510454,533.2409176421746,250.62317740816127,62.65568522416795
651.0194312354844,2444.703364613441,520.1495919241244,244.47025296451352,61.11745136668776
667.4045350951101,2384.6847127882047,507.37966449070603,238.46838568051024,59.61698172999228
684.2020254605904,2326.1395477982524,494.9232448564985,232.61386702714458,58.153349180090046
701.422281431848,2269.031694827931,482.7726362512554,226.90307952152006,56.725649344473325
719.0759433339284,2213.3258671707445,470.9203308641012,221.33249449162227,55.33300005331007
737.1739192916122,2158.987644425844,459.35900520448644,215.89866989596743,53.97454079435491
755.7273919694981,2105.9834512298166,448.08151557703513,210.59824819677996,52.64943218124226
774.7478254817272,2054.2805365105946,437.0808936674825,205.42795428538275,51.35685543483285
794.2469724756131,2003.8469532507045,426.3503422369834,200.38459345852127,50.09601187729344
814.2368813935527,1954.6515387473385,415.88323092212516,195.46504944436924,48.86612243859709
834.7299039177072,1906.663895357054,405.67309213805595,190.66628247699825,47.66642717513915
855.7387026020574,1859.8543717131915,395.7136170821896,185.98532741811846,46.4961848001712
877.2762586965447,1814.1940444044121,385.99865183602117,181.41929192493092,45.35467222576283
899.3558801681307,1769.6547001030474,376.5221935626475,176.96535466296208,44.24118411600882
921.9912099237331,1726.2088181322029,367.2783867976396,172.62076356277268,43.15503245120493
945.1962342401229,1683.8295534608421,358.26151983097486,168.38283411946526,42.09554610272343
968.9852914059894,1642.4907201163487,349.4660211777934,164.24894773393922,41.06207041832529
993.3730805815077,1602.1667750043273,340.88645613580303,160.21655009486983,40.053966817653404
1018.3746708808866,1562.8328021256334,332.51752342719794,156.28314960040984,39.070612397656554
1044.0055106835148,1524.4644971808746,324.35405192302153,152.4463158186388,38.11139954769998
1070.2814371794527,1487.0381525528846,316.390997447946,148.70367798580884,37.17573557412529
1097.2186861551606,1450.5306426578913,308.62343966349914,145.05292354146036,36.26304233402769
1124.833902025532,1414.9194096563035,301.04657902780525,141.4917966994996,35.37275587802359
1153.1441481184002,1380.1824495143271,293.65573382997076,138.01809705435866,34.504326101788905
1182.1669172179056,1346.298298407752,286.4463372972717,134.62967822137304,33.65721640615164
1211.920142373212,1313.2460194595503,279.41393477336516,131.32444651053987,32.83090336552952
1242.4222079792596,1281.0051898030686,272.5541809657758,128.10035963283593,32.02487640450766
1273.6919611364156,1249.5558879628134,265.8628372609563,124.95542543829472,31.238637482355855
1305.7487232960088,1218.878681545066,259.3357691052672,121.88770068506626,30.471700785291517
1338.612302198986,1188.9546152306757,252.96894345025143,118.895289838695,29.72359242629712
1372.3030041150223,1159.765199062655,246.75842626063206,115.97634390087791,28.99385015230762
1406.8416463896913,1131.2923970213044,240.70038008348686,113.129059266975,28.282023058585942
1442.2495703074076,1103.5186158798367,234.79106167710293,110.35167661157054,27.587671310111006
1478.5486542781277,1076.426694333589,229.0268196980423,107.64247980139214,26.910365869805357
1515.7613273559193,1049.9998923961282,223.40409244499247,104.99979483492,26.249688233435034
1553.9105830977917,1024.2218810556792,217.91940565800553,102.42198880802745,25.60523017101739
1593.0199937713085,999.0767321854989,212.56937037176777,99.90746890501703,24.97659347457768
1633.1137249198057,974.5489087019487,207.35068082157125,97.45468141442544,24.363389712097753
1674.21655029417,950.6232549641998,202.26011240069644,95.06211076899257,23.765239987505776
1716.3538671604488,927.2849874096185,197.29451966793974,92.72827860919767,23.18177470655765
1759.551711992703,904.5196854190715,192.4508344040598,90.45174286978819,22.612633348466506
1803.8367765608514,882.313282406478,187.72606371593622,88.23109688873267,22.05746424313819
1849.2364244233893,860.6520571271309,183.1172881872744,86.0649685380509,21.515924353875956
1895.7787078352344,839.5226251993887,178.62166007470918,83.95201937598102,20.987679065419336
1943.492385081083,818.9119308345299,174.23640154819702,81.89094381996243,20.472401977186912
1992.4069382450525,798.807238769627,169.95880297460522,79.8804683399212,19.969774701594595
2042.552591427521,779.196126398487,165.786221243442,77.91935067136171,19.479486667325418
2093.960329420493,760.0664760957679,161.71607813368806,76.00637904777588,19.00123492742865
2146.6619168529564,741.4064677295547,157.745858720726,74.14037145189822,18.53472397213027
2200.689917818132,723.2045713577425,153.8731098223772,72.32017488534183,18.079665546238562
2256.0777159946765,705.449540103738,150.0954384830921,70.5446646561658,17.635778471032587
2312.8595352743355,688.1304032070569,146.41051049535176,68.81274368393242,17.202788470522858
2371.0704609087293,671.2364592445394,142.81604895737158,67.1233418218259,16.78042800197748
2430.7464611884,654.7572695179822,139.30983286621216,65.47541519541284,16.368436090608487
2491.9244096674547,638.6826516041135,135.88969574543162,63.86794555763697,15.96655816831673
2554.642107947598,623.0026730629111,132.55352430642807,62.299939659647926,15.57454591639518
2618.9383090355686,607.7076453003939,129.29925714264803,60.77042863707744,15.19215711209396
2684.85274128848,592.7881175820748,126.12488345585079,59.27846741138152,14.819155478951782
2752.4261329617893,578.234871193396,123.02844181364586,57.82313410588089,14.455310540801849
2821.7002373751397,564.0389137435167,120.00801893753048,56.40352947613659,14.100397479361444
2892.7178587115395,550.1914736089595,117.06174852068425,55.018776354311164,13.754196995317818
2965.5228784659166,536.6839945136543,114.18781007478442,53.66801910716969,13.416495172823883
3040.1602825592854,523.508130242055,111.38442780513502,52.3504231073881,13.08708334732067
3116.6761891353894,510.6557394820431,108.64986951340934,51.06517421783986,12.765757976604243
3195.1178770568854,498.11888079444986,105.98244552733289,49.811478288544464,12.45232051505793
3275.533815118782,485.88980770606815,103.38050765664107,48.58856066596513,12.146577290971736
3357.973691997083,473.9609639231436,100.84244817466978,47.39566571435384,11.848339386873485
3442.488446951242,462.32497866236827,98.36669882494725,46.23205634884678,11.557422522797435
3529.130301299292,450.9746620965068,95.95172985217529,45.0970135800231,11.273646942418553
3617.9527906852113,439.9030009118292,93.5960490569994,43.989836069643836,10.99683730198176
3709.010798158347,429.10315397461625,91.29820087398551,42.909839697298395,10.726822561957846
3802.3605880854548,418.568448104048,89.0567654722313,41.856357137688924,10.463435881358816
3898.059840916188,408.2923739488761,86.87035787805944,40.828737448293175,10.20651451464761
3996.1676888236416,398.26858196531964,84.7376271192473,39.82634566714946,9.955899711178281
4096.744752241843,388.49087849371085,82.6572553902675,38.848562420516565,9.71143661710472
4199.853177322904,378.9532219314557,80.62795723802054,37.89478354016505,9.472974179697076
4305.556674336836,369.64971899995595,78.64847876755951,36.964419690064396,9.24036505400699
4413.920557037898,360.5746211031728,76.71759686731268,36.05689600223446,9.013465511823725
4525.011783021657,351.72232077559676,74.8341184533288,35.171651721537295,8.792135352865243
4638.898995097853,343.08734821741456,72.99687973207459,34.308139859188415,8.57623781814896
4755.652563704462,334.66436791474587,71.20474548133242,33.46582685477513,8.365639505489076
4875.344630389347,326.4481753428478,69.4566083487502,32.644192246571386,8.160210287067901
4998.049152386171,318.43369375026367,67.75138816761392,31.842728349946984,7.959823229030527
5123.841948312318,310.6159710219167,66.0880312894163,31.060939943670988,7.7643545130529175
5252.800745016855,302.9901766192209,64.46550993281241,30.2983439639169,7.573683359835213
5385.005225607679,295.55159859530875,62.88282154855704,29.55446920577923,7.387691954472695
5520.537078687329,288.29564068354125,61.33898820003456,28.82885603211826,7.206265373658597
5659.480048828089,281.21781945749115,59.8330559589951,28.121056089551786,7.029291514673467
5801.919988317362,274.313761560655,58.364094316126874,27.430632031419762,6.856661026117519
5947.944910205489,267.5792010041718,56.93119560609787,26.75715724754941,6.688267240342896
6097.645042688627,261.00997653088723,55.53347444671335,26.10021560065455,6.524006107544286
6251.112884860362,254.60202904413057,54.17006719184209,25.459401169206313,6.36377613146712
6408.443263866565,248.3513990996142,52.84013139777245,24.834317996615617,6.20747830669351
6569.733393498635,242.25422445891098,51.542845302670514,24.2245798465735,6.055016057467395
6735.082934261557,236.30673770299146,50.277407318816365,23.629809964397108,5.90629517802087
6904.594054953662,230.50526390435266,49.043035537306665,23.049640844234695,5.761223774365018
7078.3714957963575,224.84621835629406,47.838967244916084,22.483714001985142,5.619712207509107
7256.522633152626,219.32610435794393,46.66445845282032,21.93167975379228,5.481673038073245
7439.15754587449,213.94151105366032,45.51878343688805,21.39319699997654,5.347020972260088
7626.389083320223,208.68911132547947,44.401234289259406,20.86793301427102,5.21567280915239
7818.332935083562,203.56565973730136,43.31112048093229,20.355563238231202,5.087547389303673
8015.107702477769,198.56799052954992,42.24776843508764,19.85577108069174,4.962565544590411
8216.834971818951,193.6930156630617,41.21052111088886,19.368247722145984,4.840650049294583
8423.639389553686,188.9377229110009,40.198737597499246,18.892691923927877,4.721725572386518
8635.648739277605,184.2991739976151,39.21179271806555,18.42880984207765,4.6057186309784175
8852.994020692287,179.7745027826883,38.24907664342413,17.976314845777047,4.49255754491993
9075.809530549503,175.3609134905635,37.30999451528966,17.5349273402412,4.382172392507568
9304.232945632542,171.05567898264565,36.39396607869504,17.10437459395835,4.274494967280786
9538.40540782622,166.85613907231263,35.500425323453854,16.684390570170024,4.169458735877827
9778.47161132777,162.75969888119855,34.62882013442547,16.27471576248823,4.066998796925497
10024.579892052894,158.76382723582716,33.778611950364905,15.875097034547386,3.9670518409372755
10276.882319291773,154.86605510361275,32.949275431148614,15.48528746359264,3.869556111195188
10535.534789672243,151.06397406725185,32.14029813316835,15.105046187907119,3.7744513655910312
10800.697123487496,147.35523483657536,31.35118019269498,14.73413825798471,3.6816788394036575
11072.533163448454,143.73754579693002,30.5814340170145,14.372334491355726,3.5911812089890667
11351.210875921566,140.20867159319903,29.830583983146404,14.01941133097592,3.5029025563610046
11636.902454714414,136.76643174858654,29.098166143958476,13.675150707091754,3.416788334640208
11929.784427473602,133.40869931730967,28.383727941495756,13.339339902495958,3.332785334350856
12230.037764760567,130.13339957036587,27.68682792734649,13.011771421090407,3.2508416505434456
12537.847991872275,126.93850871356989,27.007035489873722,12.692242859675488,3.170906650723889
12853.405303476877,123.82205263705566,26.343930588141305,12.38055678288569,3.0929309435687675
13176.904681133938,120.78210569548504,25.697103492373053,12.076520601195485,3.0168663484077287
13508.54601377283,117.81678951819843,25.066154530782125,11.779946451919008,2.942665865453931
13848.534221203367,114.92427184857645,24.45069384261539,11.490651083130512,2.8702836467642414
14197.079380734742,112.1027654118978,23.850341137260408,11.208455740433982,2.7996749679112996
14554.39685698151,109.35052681098867,23.26472545926528,10.933186056511554,2.7307962003498423
14920.70743493661,106.66585544898413,22.693484959126668,10.664671943382702,2.6636047844602815
15296.23745639318,104.04709247853857,22.136266669705062,10.402747487307918,2.598059203252955
15681.218959800628,101.49261977682796,21.59272628812715,10.147250846271122,2.534118956716613
16075.889823639907,99.00085894572067,21.062527963043095,9.898024149978525,2.4717445367955544
16480.493913407758,96.57027033649088,20.545344087105203,9.654913402311262,2.410897402979758
16895.2812323003,94.19935209847552,20.040855094540632,9.417768386171936,2.3515399584930226
17320.508075688776,91.8866392510881,19.548749263693285,9.186442570666372,2.2936355270644473
17756.437189483488,89.6307027786127,19.068722524412266,8.960793020562914,2.2371483302688353
18203.337932483573,87.43014874722019,18.60047827016802,8.740680307973426,2.1820434654220535
18661.486442812286,85.2836174436645,18.143727174780917,8.525968426201807,2.128286884017806
19131.165808542115,83.1897825351187,17.69818701364731,8.31652470570598,2.075845370692317
19612.66624261333,81.1473502496415,17.263582489354583,8.112219732122355,2.024686522704159
20106.28526215551,79.1550585767602,16.839645061575965,7.912927266301433,1.9747787299164148
20612.32787232226,77.21167648767917,16.42611278114054,7.718524166305367,1.9260911552688746
21131.106754752414,75.3160031746331,16.022730128176192,7.52889031131948,1.8785937157282644
21662.942460774815,73.46686730891255,15.629247854224989,7.34390852743038,1.8322570637046969
22208.163609475872,71.66312631710396,15.24542282823347,7.163464515224964,1.787052568922897
22767.107090751426,69.90366567510014,14.871017886323495,6.987446779165832,1.7429523007371241
23340.118273470252,68.1873982194382,14.505801685249304,6.815746558698844,1.6999290108787117
23927.55121887557,66.51326347554748,14.149548559451953,6.648257761051035,1.657956116625813
24529.768899358205,64.88022700248594,13.802038381621497,6.484876895676718,1.6170076843848131
25147.143422735862,63.287279753763194,13.463056426681286,6.325503010311583,1.5770584136733972
25780.05626217673,61.73343745385556,13.13239323911057,6.170037628595343,1.5380836214954188
26428.898491910317,60.21773999002582,12.809844503522852,6.018384689224128,1.5000592270979116
27094.07102887082,58.73925081907322,12.495210918420321,5.8704504865951925,1.4629617371009058
27775.984880421445,57.297056388648514,12.188298073046798,5.726143612907447,1.4267682309909682
28475.061398314927,55.890265572772094,11.888916327261908,5.585374901681492,1.3914563469694265
29191.732539044435,54.518009121212316,11.59688069436378,5.448057372664969,1.3570042681467696
29926.441130747906,53.17943912237885,11.312010726786632,5.314106178088618,1.3233907090746264
30679.64114682993,51.87372847940135,11.034130404603161,5.1834385502400835,1.2905949026071415
31451.79798646967,50.60007039907032,10.76306802676296,5.055973750323149,1.2585965870837208
32243.388762189268,49.357677893322695,10.498656104999391,4.931633018570605,1.227375993825281
33054.9025946599,48.14578329296485,10.240731260339508,4.810339525580039,1.1969138349363888
33886.84091492703,46.96363777333365,9.989134122153366,4.692018324842579,1.1671912914058946
34739.71777424278,45.8105108916004,9.743709229679844,4.576596306435055,1.1381900014987651
35614.060161696354,44.685690135433056,9.504304935968419,4.464002151847104,1.109892049432102
36510.408329837635,43.58848048273869,9.270773314177783,4.354166289915409,1.0822799543285186
37429.316128498016,42.518203972211104,9.042970066172654,4.247020853837535,1.0553366594401024
38371.35134701113,41.47419928442228,8.820754433363257,4.142499639239204,1.0290455216365908
39337.09606504781,40.455821333195544,8.603989109731643,4.040538063268827,1.0033903011513488
40327.14701228096,39.462440867009285,8.392540156991384,3.9410731246941046,0.978355151579037
41342.115937101895,38.4934440801856,8.1862769218284,3.8440433649761525,0.9539246101190291
42382.62998461736,37.54823223362203,7.98507195517143,3.749388830296948,0.930083588058731
43449.332084160225,36.62622128483303,7.788800933442447,3.6570510345167455,0.9068173614912032
44542.88134655199,35.72684152707326,7.5973425817385785,3.5669729230386484,0.88411156226164
45663.9534713658,34.849537237317286,7.410578598897469,3.4790988375578022,0.8619521691373573
46813.24116443744,33.99376633288147,7.2283935844005835,3.3933744816737534,0.8403254991962378
47991.45456588582,33.15900003647303,7.050674967068591,3.3097468873444793,0.8192181994286066
49199.32168890585,32.344722549460734,6.877312935505126,3.2281643821615016,0.7986172385477767
50437.58886960428,31.550430733165406,6.708200370246004,3.148576557425923,0.7785098990046407
51707.0212281579,30.77563379797267,6.54323277757173,3.0709342370055857,0.7588837692018277
53008.40314157863,30.019853000075777,6.382308224942531,2.995189446954165,0.7397267359031447
54342.53872837563,29.282621345662687,6.2253272780162385,2.921295385873575,0.7210269768342138
55710.252345418325,28.563483302361703,6.072192939209559,2.8492063960011427,0.7027729534702968
57112.38909730193,27.861994517770757,5.922810587765485,2.7788779350040236,0.6849534040076244
58549.815358534484,27.17772154489373,5.777087921289244,2.710266548463251,0.6675573365145913
60023.419308866476,26.5102415743154,5.634934898716927,2.6433298430305063,0.6505740222594464
61534.1114820927,25.85914217294968,5.496263684681638,2.5780264602411536,0.6339929892113031
63082.82532866773,25.224021029198948,5.360988595242583,2.514316050967275,0.6178040157114478
64670.517792481536,24.60448570436737,5.229026044943692,2.4521592504950367,0.6019971243121923
66298.16990214984,24.00015339017536,5.100294495169236,2.3915176542111007,0.5865625757807287
67966.78737718938,23.41065067222352,4.974714403764114,2.3323537938829317,0.5714908632656355
69677.40124944647,22.835613299262118,4.852208175888227,2.274631114518644,0.5567727066240291
71431.0685001678,22.274685958121832,4.73270011607417,2.2183139517919703,0.5423990469075244
73228.87271310524,21.727522054167384,4.616116381458823,2.163367510018547,0.5283610410055252
75071.92474405687,21.193783497138657,4.502384936159995,2.1097578406700346,0.5146500564446654
76961.36340726068,20.673140492246308,4.391435506769831,2.0574518214127875,0.5012576663435314
78898.35617906373,20.1652713363931,4.283199538937546,2.006417135658276,0.4881756445222008
80884.0999192993,19.669862219395757,4.177610155014849,1.9566222526127681,0.4753959607665378
82919.82161082387,19.186607030082683,4.074602112737539,1.908036407813908,0.4629107762475799
85006.77911766293,18.715207167150062,3.9741117649182374,1.8606295841424871,0.45071243909693287
87146.26196224062,18.255371354657637,3.8760770201250048,1.8143724932976415,0.43879348013954483
89339.59212217093,17.806815462050846,3.7804373043217505,1.7692365577242402,0.4271466087858989
91588.12484710102,17.369262328598555,3.687133523446809,1.7251938929814896,0.41576470908633495
93893.24949611502,16.942441592136966,3.5961080269064705,1.6822172905419481,0.40464083595094785
96256.39039621394,16.526089522014487,3.5073045719610256,1.6402802010105582,0.3937682115394018
98679.00772239944,16.119948856134656,3.420668288981456,1.5993567177535675,0.3831402218259712
101162.59839991253,15.723768641995223,3.336145647555096,1.5594215609273194,0.37275041334617864
103708.69702917541,15.33730408162676,3.2536844234197173,1.5204500618974501,0.3625924901327279
106318.87683401551,14.960316380333715,3.1732336662053915,1.4824181480389933,0.35266031084978267
108994.75063375464,14.59257259914493,3.094743667964368,1.4453023279083446,0.3429478861363239
111737.97183976205,14.23384551088282,3.0181659324696706,1.409079676778267,0.3334493761711846
114550.23547709147,13.883913459761487,2.9434531452633537,1.3737278225272735,0.3241590884744889
117433.2792318295,13.542560224427751,2.870559144436152,1.3392249318751057,0.3150714759627377
120388.88452480569,13.209574884359965,2.7994388921204316,1.3055496969561775,0.3061811352776195
123418.8776123237,12.884751689542542,2.7300484466790707,1.2726813222231816,0.29748280541196986
126525.13071459843,12.567889933335186,2.6623449355730404,1.2405995116732174,0.2889713666601258
129709.56317259268,12.258793828458646,2.5962865288911527,1.2092844563891245,0.2806418399244265
132974.1426339711,11.957272386020094,2.5318324135256733,1.178716822388907,0.27248938641481585
136320.88626889983,11.663139297503792,2.468942767978066,1.1488777387764262,0.2645093077846234
139751.86201644863,11.376212819653652,2.4075787377793496,1.1197487861867295,0.2566970467527178
143269.18986236252,11.096315662176805,2.3477024115101024,1.0913119855196929,0.24904818827062986
146875.04314899063,10.823274878199005,2.289276797405507,1.063549786955923,0.24155846130308736
150571.64991818662,10.556921757403753,2.232265800531088,1.0364450592490546,0.23422374130198848
154361.29428800585,10.297091721789503,2.1766342005153283,1.0099810792889485,0.22704005346754286
158246.31786405388,10.043624223980272,2.122347629825578,0.9841415219304986,0.22000357690645608
162229.12118635283,9.796362648027193,2.0693725525741633,0.9589104500831194,0.2131106498161734
166312.1652126266,9.555154212639293,2.0176762438417737,0.934272305056203,0.2063577758468299
170497.97283891568,9.319849876784073,1.9672267695057328,0.9102118971562422,0.19974163181943155
174789.13045846572,9.090304247599331,1.9179929665609636,0.88671439653158,0.19325907701063083
179188.28955984695,8.866375490559667,1.8699444239219072,0.8637653242611665,0.1869071642522735
183698.16836529964,8.647925241841795,1.8230514636938493,0.8413505436840039,0.18068315313869474
188321.55351031147,8.434818522834819,1.7772851229025772,0.8194562519664489,0.1745845256878565
193061.30176546972,8.226923656742521,1.7326171356714888,0.7980689719049049,0.16860900486516245
197920.34180164573,8.02411218722636,1.6890199158357349,0.7771755439619832,0.16275457645275362
202901.67599961002,7.826258799038672,1.6464665399831264,0.756763118534646,0.15701951483376617
208008.38230519017,7.633241240597267,1.6049307309120135,0.73681914845348,0.15140241336198154
213243.61613112254,7.444940248453497,1.5643868414965583,0.7173313817128233,0.14590222010357765
218610.61230676627,7.261239473607344,1.5248098389502251,0.698287854432198,0.14051827986972548
224112.68707689256,7.082025409623799,1.4861752894785278,0.6796768840502074,0.1352503836054125
229753.24015077786,6.907187322506326,1.4484593433125141,0.6614870627529698,0.1300988263574733
235535.75680287197,6.736617182284058,1.4116387201146954,0.643707251140071,0.12506447520526123
241463.81002633192,6.570209596270651,1.3756906947495602,0.6263265721321396,0.12014884868561064
247541.0627407617,6.407861743953351,1.3405930834110444,0.6093344051253075,0.11535420935338238
253771.27005551395,6.249473313472374,1.3063242300997675,0.592720380399263,0.11068367114654062
260158.2815899587,6.094946439651208,1.2728629934431557,0.5764743737871296,0.10614132310113134
266706.04385214427,5.944185643539847,1.2401887338519886,0.5605865016172438,0.10173237058021542
273418.6026773302,5.797097773433452,1.2082813010072273,0.545047115938926,0.09746329438290038
280300.1057278911,5.653591947330239,1.177121021671463,0.5298468000467537,0.09334202665724793
287354.80505614245,5.51357949679301,1.146688687819686,0.5149763643205567,0.089378140142127
294587.05973166274,5.376973912179984,1.116965545084618,0.5004268424015685,0.08558304350951464
302001.3385347467,5.243690789210861,1.0879332815122034,0.4861894877288003,0.0819701700141474
309602.2227176452,5.113647776835509,1.0595740166235088,0.47225577046405465,0.07855513886453148
317394.4088353045,4.98676452637301,1.0318702907797335,0.45861737483897946,0.07535585854639935
325382.7116473443,4.862962641889976,1.0048050548477243,0.445266196963476,0.07239252925009759
333572.06709308043,4.742165631787423,0.9783616601639537,0.43219434314164407,0.06968748933960475
341967.53534142015,4.624298861566595,0.9525238487957278,0.4193941287496412,0.06726484222312662
350574.3039175222,4.50928950774469,0.9272757440991258,0.40685807773942306,0.0651498013150775
359397.69090814306,4.397066512892282,0.9026018415741045,0.3945789228437734,0.06336771024927122
368443.14824766375,4.287560541764777,0.8784870000181138,0.3825496065715638,0.061942740638788546
377716.2650868157,4.180703938501119,0.8549164329807315,0.3707632830983797,0.06089634188717691
387222.7712461975,4.0764306848634995,0.8318757005229994,0.35921332117695015,0.06024560541078667
396968.5407567024,3.9746763594926775,0.8093507012865861,0.347893308215011,0.060001781618300165
406959.5954890609,3.875378098153888,0.7873276648793885,0.3367970556960373,0.06016921519709209
417202.1088747282,3.7784745549492307,0.7657931445860564,0.32591860615187934,0.06074491492360967
427702.40972042544,3.6839058644728815,0.7447340104138761,0.3152522419368695,0.06171885098066406
438466.98611867806,3.5916136048862595,0.7241374424868572,0.3047924961021395,0.0630749151823726
449502.48945678485,3.501540761890631,0.7039909248034555,0.29453416572855706,0.06479234593972953
460815.7385266809,3.413631693575507,0.6842822393765197,0.2844723281494087,0.06684735536359764
472413.7237382447,3.3278320961215604,0.6649994607775719,0.2746023605826255,0.06921471031185521
484303.6114386377,3.244088970337584,0.6461309511117079,0.2649199638007801,0.0718690889293768
496492.74834036484,3.162350589011306,0.627665355454166,0.2554211905997739,0.074786122408452
508988.6660607756,3.082566465054719,0.6095915977852986,0.24610247998978033,0.07794310816110424
521799.0857758232,3.004687320424946,0.5918988774672163,0.23696069823131247,0.08131943095583488
534931.9229909416,2.9286650558023912,0.5745766663131588,0.22799318808345242,0.08489675233991864
548395.2924320074,2.8544527210082693,0.5576147063097115,0.21919782792977,0.08865903271829365
562197.5130593934,2.782004486144361,0.5410030080628082,0.2105731028111838,0.0925924431750111
576347.1132082243,2.711275613438259,0.5247318500511979,0.2021181898355201,0.09668521222884867
590852.8358579931,2.6422224297780486,0.5087917787862712,0.19383306096222402,0.10092744042665933
605723.6440348165,2.574802299920752,0.4931736099951981,0.1857186067861445,0.10531090507654314
620968.7263496494,2.5089736003596137,0.47786843096604076,0.17777678566823418,0.1098288691847498
636597.5026758941,2.444695693835733,0.4628676042194379,0.17001080336974858,0.11447590270893507
652619.6299698948,2.381928904480277,0.44816277270276644,0.16242532919764166,0.11924772018514915
669045.008237935,2.320634493573916,0.43374586674037147,0.15502675546709602,0.12414103616779099
685883.7866534083,2.26077463591094,0.4196091130191821,0.14782350764618343,0.12915343832776063
703146.3698279562,2.2023123967559814,0.4057450459444647,0.1408264125284129,0.13428327715587157
720843.4242404265,2.1452117093820964,0.3921465217680474,0.13404913059670245,0.1395295707736129
738985.8848276503,2.0894373531794685,0.37880673597379805,0.12750865543429293,0.14489192319126407
757584.961741099,2.0349549323248586,0.36571924450618964,0.12122587609602475,0.15037045435904586
776652.1472735818,1.9817308550027057,0.35287798955180877,0.11522618555761822,0.15596574045531694
796199.2229602919,1.9297323131694786,0.34027733073626065,0.10954009673428994,0.16167876299928405
816238.2668585648,1.8789272628539118,0.3279120827871652,0.1042037937186573,0.16751086553527733
836781.6610108675,1.8292844049866035,0.3157775609463693,0.09925949731696655,0.1734637167945502
857842.0990956007,1.7807731667536018,0.30386963570195147,0.0947554620311351,0.1795392793896202
879432.5942704774,1.7333636834695905,0.2921847987660333,0.09074535706748138,0.18573978323107043
901566.4872132957,1.687026780967688,0.28072024266377765,0.08728674413305187,0.19206770297593784
924257.4543650954,1.6417339585041373,0.2694739568406995,0.084438398272134,0.19852573892054332
947519.5163807643,1.597457372177807,0.25844484386077543,0.08225638525214916,0.20511680083984846
971367.0467923495,1.5541698188660165,0.24763286007917854,0.08078914536566105,0.21184399435164097
995814.7808904,1.511844720680253,0.23703918615199243,0.08007228624593632,0.21871060944856135
1020877.8248288499,1.4704561099474471,0.22666643390473978,0.08012417180429943,0.22572011089577562
1046571.6649590364,1.4299786147250422,0.21651889741778324,0.0809434506530359,0.23287613023834863
1072912.1773986602,1.3903874448608087,0.20660285765673064,0.08250924258733722,0.24018245920140674
1099915.6378415695,1.3516583786117191,0.19692695146308128,0.08478392707780653,0.24764304429904524
1127598.731614452,1.3137677498398483,0.18750261697228993,0.08771773149398975,0.2552619824956728
1155978.5639866167,1.2766924358076666,0.17834462805527748,0.09125395620366637,0.26304351778684926
1185072.6707392773,1.2404098455999857,0.1694717293013838,0.09533378766927833,0.27099203858642945
1214899.0290008355,1.2048979092057701,0.16090737885781697,0.09990005925492099,0.279112075823475
1245476.0683548832,1.1701350672997617,0.15268059663643396,0.10489976434834838,0.28740830166653175
1276822.6822277515,1.1361002617719447,0.14482689619709413,0.11028544045312927,0.29588552880480407
1308958.2395626907,1.1027729270621933,0.13738924469063138,0.1160156889844598,0.3045487102259405
1341902.596787856,1.0701329823686985,0.1304189401709947,0.12205511564069046,0.31340293943875025
1375676.1100855218,1.0381608248119008,0.12397621396509809,0.12837393070939235,0.3224534510965498
1410299.6479700673,1.0068373236514454,0.11813025874472852,0.13494738330255443,0.3317056219831016
1445794.6041825565,0.9761438156723964,0.11295826875899236,0.14175514303413325,0.3411649723285059
1482182.9109098355,0.9460621018795704,0.10854300768264778,0.1487806961139151,0.3508371674269914
1519487.0523363538,0.9165744456659044,0.10496848379896109,0.1560107908202776,0.36072801953253053
1557730.0785370294,0.8876635726536404,0.10231362614599603,0.16343494707155226,0.3708434900115934
1596935.6197198085,0.8593126724467719,0.10064447672604915,0.1710450329649574,0.3811896917353312
1637127.900826665,0.8315054025817226,0.10000621466067577,0.17883490481092226,0.391772891695993
1678331.7565021082,0.8042258950223558,0.10041692258810264,0.18680010424252688,0.40259951383461984
1720572.646438384,0.7774587656181816,0.10186491196738592,0.19493760500008342,0.41367614206895037
1763876.6711069297,0.7511891270341335,0.1043104638009854,0.20324560207692635,0.425009523512187
1808270.5878857384,0.7254026057713341,0.10769142232687444,0.21172333651924216,0.43660657187469776
1853781.827592648,0.7000853640361633,0.11193096476342941,0.22037094998649165,0.44847437104204213
1900438.511434709,0.6752241273873223,0.11694558474617277,0.22918936402841922,0.4606201788238122
1948269.4683841746,0.6508062193067448,0.12265180938361411,0.23818017983366638,0.47305143086880447
1997304.2529917983,0.6268196041128145,0.12897096648326328,0.2473455949159807,0.4857757447428929
2047573.1636484838,0.6032529399794231,0.1358319987207253,0.25668833381619316,0.4988009241667713
2099107.261306511,0.5800956442635103,0.1431727016847174,0.2662115904143379,0.5121349634114108
2151938.3886719868,0.5573379739047817,0.15093987179751403,0.27591897987582253,0.5257860518497277
2206099.189880314,0.5349711243816881,0.15908879929441036,0.28581449860979424,0.5397625786634854
2261623.1306668827,0.5129873516363905,0.16758243097565062,0.2959024909084635,0.5540731377049785
2318544.5190453883,0.49138012258354324,0.17639041642756634,0.3061876211737283,0.5687265325134776
2376898.5265066233,0.4701443013791242,0.18548816377560629,0.316674850831403,0.5837317814868579
2436721.209750792,0.4492763806595201,0.19485597053554485,0.3273694191915679,0.5990981232091797
2498049.532966812,0.428774769615244,0.20447825716546816,0.33827682764271616,0.6148350219353554
2560921.3906723084,0.40864015422825684,0.21434290902293818,0.3494028266728685,0.6309521732343333
2625375.631128497,0.3888759495154151,0.22444072095908876,0.3607534052971954,0.6474595097925546
2691452.080344353,0.36948886946994247,0.23476493361135223,0.37233478254243235,0.6643672073796782
2759191.566684963,0.35048964789421744,0.2453108488557959,0.38415340069655335,0.6816856909788551
2828635.946099167,0.33189395275818456,0.2560755121522924,0.3962159200800235,0.6994256410840356
2899828.1279822006,0.31372354821044035,0.26705745066275904,0.4085292151345257,0.717598000167073
2972812.101689218,0.2960077715280404,0.2782564574863256,0.42110037165773967,0.7362139793175517
3047632.9637161624,0.2787854055626532,0.28967341384256856,0.43393668503994054,0.7552850650585119
3124336.9455646635,0.2621070365879933,0.30131014240475207,0.44704565938076085,0.7748230263413985
3202971.4423083183,0.24603798390749532,0.31316928618427925,0.4604350073833545,0.7948399217238143
3283585.0418778975,0.23066185301420436,0.32525420838460306,0.47411265093895727,0.8153481067337759
3366227.5550836544,0.21608466477785793,0.3375689094889197,0.4880867223281134,0.8363602414244052
3450950.046393178,0.20243929231860802,0.3501179585411124,0.5023655659759603,0.8578892981231109
3537804.8654839383,0.18988951371412993,0.36290643614621,0.5169577407084137,0.8799485693795541
3626845.6795899547,0.17863228240799814,0.3759398871765279,0.5318720224640306,0.9025516761168042
3718127.5066625183,0.16889584583066003,0.38922428154192384,0.5471174074230932,0.9257125759902723
3811706.7493655826,0.16093043940480517,0.40276598168364625,0.562703115521241,0.9494455719592129
3907641.229926724,0.15498837612740635,0.4165717156946366,0.5786385943198571,0.9737653210756992
4005990.225865288,0.1512928866955978,0.43064855516620415,0.594933523209655,0.9986868434961887
4106814.5066196756,0.15000076966698897,0.44500389702067256,0.6115978179274895,1.0242255317209072
4210176.37109656,0.15117048121264218,0.45964544871936414,0.6286416353695762,1.0503971600665247
4316139.686165109,0.15474901894796567,0.4745812163408514,0.6460753786869484,1.077217894377687
4424769.926120093,0.16058384257734537,0.4898194951106178,0.6639097026513402,1.1047043019831864
4536134.213138127,0.16845414059134298,0.5053688620337791,0.6821555192816826,1.1328733619026896
4650301.358752226,0.17810822914657493,0.5212381703404305,0.7008240037232085,1.161742475310159
4767341.906370145,0.18929519930917368,0.5374365455007843,0.7199266003726643,1.1913294762602276
4887328.174862899,0.20178540868770592,0.5539733826066261,0.73947502924452,1.2216526426840144
5010334.303250236,0.21538024997453967,0.5708583449481365,0.7594812925742271,1.2527307076609828
5136436.296510873,0.22991431991055164,0.5881013636422184,0.7799576816556935,1.2845828709737144
5265712.072545632,0.24525329118831554,0.6057126381909447,0.8009167839110178,1.3172288109525732
5398241.510322638,0.26128990837353794,0.6237026378676005,0.8223714901914295,1.3506886966174925
5534106.499234136,0.2779395491884029,0.6420821038435236,0.8443350023090643,1.3849832001242288
5673390.989695653,0.29513607106072026,0.6608620519822573,0.8668208407999637,1.4201335095227319
5816181.045018587,0.3128282268612393,0.6800537762386591,0.8898428529192292,1.4561613418353814
5962564.894588424,0.33097670491084363,0.6996688526100926,0.9134152208698667,1.4930889564631136
6112632.988381235,0.34955174452126575,0.719719143594811,0.9375524702673207,1.530939168927602
6266478.052852395,0.3685312414959125,0.7402168031195147,0.9622694788422295,1.5697353649579673
6424195.148231845,0.3878992534526189,0.7611742819038249,0.9875814853842952,1.6095015149306076
6585881.727261477,0.40764482380193207,0.7826043332344468,1.013504098930626,1.6502621886710493
6751637.695410694,0.42776105641459267,0.8045200191260187,1.0400533082022145,1.6920425706268534
6921565.472607643,0.4482443862272032,0.8269347168493916,1.067245491292651,1.7348684754209667
7095770.056524038,0.4690940026263478,0.8498621258112035,1.095097425613432,1.7787663637950288
7274359.087452846,0.4903113919946084,0.8733162747714144,1.123626298100584,1.82376335895248
7457442.914818689,0.5118999733939825,0.8973115293878238,1.1528497156875854,1.8698872633114776
7645134.665362361,0.5338648072864497,0.9218626000787459,1.1827857160499167,1.9171665756779932
7837550.313041341,0.5562123617644874,0.9469845501967841,1.213452778626793,1.9656305088496273
8034808.750689683,0.5789503242752319,0.9726928045083152,1.2448698359259425,2.0153090076610094
8237031.863481318,0.6020874495116801,0.9990031579746566,1.277056285117519,2.0662327674818632
8444344.604242459,0.6256334362054784,1.0259317848322278,1.3100319999235612,2.1184332531792074
8656875.070659403,0.6495988271378462,1.053495247970056,1.343817342809598,2.1719427185553117
8874754.584429633,0.673994927903031,1.0817105086040495,1.3784331774853047,2.226794226273463
9098117.772404846,0.6988337408992471,1.110594936248292,1.4139008817213048,2.2830216682837516
9327102.649776405,0.7241279117515975,1.1401663189845044,1.4502423604895476,2.340659786761561
9561850.70535431,0.7498906859394685,1.170442874031485,1.48748005943485,2.399744195571628
9802506.988992631,0.7761358738453991,1.2014432586170585,1.525636978685512,2.4603114022709462
10049220.2012151,0.8028778227915981,1.2331865811556357,1.5647366870110808,2.5223988306640512
10302142.785096623,0.8301313949061213,1.2656924127351132,1.6048033363357048,2.5860448439246664
10561431.020457188,0.8579119498793394,1.2989807989173026,1.6458616766156484,2.651288768297936
10827245.120426606,0.8862353318456762,1.3330722718566366,1.6879370710898964,2.718170917397929
11099749.330439419,0.9151178597650064,1.3679878627422624,1.7310555119129254,2.786732617115323
11379112.029721545,0.9445763207903377,1.403749114569199,1.7752436361791126,2.8570162311507636
11665505.835331084,0.9746279661988886,1.4403780952445178,1.8205287423483898,2.9290651871895794
11959107.708817761,1.0052905095371654,1.477897411034993,1.866938807083116,3.0029240037340763
12260099.065566605,1.036582126690399,1.5163302203629534,1.9145025025063112,3.0786383176099
12568665.886893857,1.0685214576356896,1.5557002479575515,1.9632492138918023,3.1562549121635657
12884998.834964007,1.1011276096782847,1.5960317993688844,2.013209057796999,3.2358217461684684
13209293.370599264,1.1344201620035652,1.637349775852858,2.06441290064937,3.3173879834573268
13541749.874053838,1.1684191714046557,1.6796796896349069,2.1168923777979214,3.4010040232992242
13882573.768828165,1.2031451790683871,1.7230476795611487,2.1706799130413796,3.4867215315401787
14231975.648599196,1.2386192183212354,1.7674805271457428,2.2258087386449774,3.574593472526343
14590171.407345468,1.2748628232527834,1.813005673023645,2.282312915858138,3.6646741418296593
14957382.372746935,1.3118980381475132,1.8596512338181832,2.340227355945569,3.757019199796052
15333835.442942537,1.3497474276670678,1.9074460194332958,2.399587841744756,3.851685705937045
15719763.226729566,1.3884340877345132,1.9564195507805002,2.460431049763007,3.948732154185915
16115404.187291803,1.4279816570802966,2.0066020779510607,2.5227945728277072,4.048218509040273
16521002.789544752,1.4684143294163676,2.0580245988440318,2.58671694330359,4.150206242613266
16936809.651189588,1.5097568662109253,2.110718878261344,2.6522376568914225,4.254758372616424
17363081.697568912,1.5520346100412175,2.1647174674812737,2.719397197022702,4.361939501297589
17800082.32041964,1.595273498506155,2.2200537243220073,2.788237059865311,4.47181585535787
18248081.540621817,1.6395000786843719,2.276761833707428,2.8587997799556635,4.584455326872453
18707356.175043333,1.6847415221265036,2.334876828747468,2.93112895647301,4.699927515240433
19178190.007584073,1.7310256403734117,2.394434612345824,3.0052692801721825,4.818303770189667
19660873.96452458,1.778380900994473,2.455471979348045,3.0812665609912804,4.939657235863073
20155706.294288356,1.8268364441423954,2.518026639243549,3.159167756351423,5.064062896013828
20662992.751728274,1.8764220996228218,2.5821372394353097,3.2390210001659447,5.1915976203372125
21183046.78705137,1.9271684044788262,2.647843389091419,3.3208756325769797,5.322340211967834
21716189.739498205,1.9791066210918387,2.7151856835930466,3.404782230437693,5.456371456171462
22262751.03589722,2.0322687558020736,2.7842057295938054,3.49079263855908,5.593774170261712
22823068.394216113,2.086687578052633,2.854946170705767,3.5789600017405205,5.734633254772281
23397488.032236572,2.142396640062726,2.9274507138279593,3.669338797603937,5.879035745916492
23986364.881480526,2.199430297036362,3.001764156133348,3.761984870251697,6.027070869366347
24590062.80652107,2.2578237279139843,3.0779324127310033,3.8569554647692006,6.178830095384583
25208954.829812758,2.317612956675252,3.1560025450203257,3.9543092625933176,6.334407195343579
25843423.36218086,2.3788348742021257,3.236022789754831,4.054106417768607,6.493898299666205
26493860.43911112,2.4415272607120575,3.318042588833255,4.156408594113593,6.657401957224203
27160667.962987073,2.505728808771985,3.40211261983642,4.2612790033201735,6.82501919623104
27844257.951423746,2.571479146904359,3.488284827328566,4.368782444009606,6.996853586666692
28545052.791851882,2.638818863797232,3.5766124549424774,4.478985341769249,7.173011304273044
29263485.50250904,2.707789533130925,3.66715007826806,4.591955790194666,7.353601196159265
30000000.00000001,2.778433739034599,3.7599536385647676,4.707763592962618,7.538734848057933
